#pragma once

unsigned char tele_logo_img[] = {
    0xFF, 0xD8, 0xFF, 0xE0, 0x00, 0x10, 0x4A, 0x46, 0x49, 0x46, 0x00, 0x01, 0x01, 0x00, 0x00, 0x01, 
    0x00, 0x01, 0x00, 0x00, 0xFF, 0xE2, 0x01, 0xD8, 0x49, 0x43, 0x43, 0x5F, 0x50, 0x52, 0x4F, 0x46, 
    0x49, 0x4C, 0x45, 0x00, 0x01, 0x01, 0x00, 0x00, 0x01, 0xC8, 0x00, 0x00, 0x00, 0x00, 0x04, 0x30, 
    0x00, 0x00, 0x6D, 0x6E, 0x74, 0x72, 0x52, 0x47, 0x42, 0x20, 0x58, 0x59, 0x5A, 0x20, 0x07, 0xE0, 
    0x00, 0x01, 0x00, 0x01, 0x00, 0x00, 0x00, 0x00, 0x00, 0x00, 0x61, 0x63, 0x73, 0x70, 0x00, 0x00, 
    0x00, 0x00, 0x00, 0x00, 0x00, 0x00, 0x00, 0x00, 0x00, 0x00, 0x00, 0x00, 0x00, 0x00, 0x00, 0x00, 
    0x00, 0x00, 0x00, 0x00, 0x00, 0x00, 0x00, 0x00, 0x00, 0x01, 0x00, 0x00, 0xF6, 0xD6, 0x00, 0x01, 
    0x00, 0x00, 0x00, 0x00, 0xD3, 0x2D, 0x00, 0x00, 0x00, 0x00, 0x00, 0x00, 0x00, 0x00, 0x00, 0x00, 
    0x00, 0x00, 0x00, 0x00, 0x00, 0x00, 0x00, 0x00, 0x00, 0x00, 0x00, 0x00, 0x00, 0x00, 0x00, 0x00, 
    0x00, 0x00, 0x00, 0x00, 0x00, 0x00, 0x00, 0x00, 0x00, 0x00, 0x00, 0x00, 0x00, 0x00, 0x00, 0x00, 
    0x00, 0x00, 0x00, 0x00, 0x00, 0x00, 0x00, 0x00, 0x00, 0x09, 0x64, 0x65, 0x73, 0x63, 0x00, 0x00, 
    0x00, 0xF0, 0x00, 0x00, 0x00, 0x24, 0x72, 0x58, 0x59, 0x5A, 0x00, 0x00, 0x01, 0x14, 0x00, 0x00, 
    0x00, 0x14, 0x67, 0x58, 0x59, 0x5A, 0x00, 0x00, 0x01, 0x28, 0x00, 0x00, 0x00, 0x14, 0x62, 0x58, 
    0x59, 0x5A, 0x00, 0x00, 0x01, 0x3C, 0x00, 0x00, 0x00, 0x14, 0x77, 0x74, 0x70, 0x74, 0x00, 0x00, 
    0x01, 0x50, 0x00, 0x00, 0x00, 0x14, 0x72, 0x54, 0x52, 0x43, 0x00, 0x00, 0x01, 0x64, 0x00, 0x00, 
    0x00, 0x28, 0x67, 0x54, 0x52, 0x43, 0x00, 0x00, 0x01, 0x64, 0x00, 0x00, 0x00, 0x28, 0x62, 0x54, 
    0x52, 0x43, 0x00, 0x00, 0x01, 0x64, 0x00, 0x00, 0x00, 0x28, 0x63, 0x70, 0x72, 0x74, 0x00, 0x00, 
    0x01, 0x8C, 0x00, 0x00, 0x00, 0x3C, 0x6D, 0x6C, 0x75, 0x63, 0x00, 0x00, 0x00, 0x00, 0x00, 0x00, 
    0x00, 0x01, 0x00, 0x00, 0x00, 0x0C, 0x65, 0x6E, 0x55, 0x53, 0x00, 0x00, 0x00, 0x08, 0x00, 0x00, 
    0x00, 0x1C, 0x00, 0x73, 0x00, 0x52, 0x00, 0x47, 0x00, 0x42, 0x58, 0x59, 0x5A, 0x20, 0x00, 0x00, 
    0x00, 0x00, 0x00, 0x00, 0x6F, 0xA2, 0x00, 0x00, 0x38, 0xF5, 0x00, 0x00, 0x03, 0x90, 0x58, 0x59, 
    0x5A, 0x20, 0x00, 0x00, 0x00, 0x00, 0x00, 0x00, 0x62, 0x99, 0x00, 0x00, 0xB7, 0x85, 0x00, 0x00, 
    0x18, 0xDA, 0x58, 0x59, 0x5A, 0x20, 0x00, 0x00, 0x00, 0x00, 0x00, 0x00, 0x24, 0xA0, 0x00, 0x00, 
    0x0F, 0x84, 0x00, 0x00, 0xB6, 0xCF, 0x58, 0x59, 0x5A, 0x20, 0x00, 0x00, 0x00, 0x00, 0x00, 0x00, 
    0xF6, 0xD6, 0x00, 0x01, 0x00, 0x00, 0x00, 0x00, 0xD3, 0x2D, 0x70, 0x61, 0x72, 0x61, 0x00, 0x00, 
    0x00, 0x00, 0x00, 0x04, 0x00, 0x00, 0x00, 0x02, 0x66, 0x66, 0x00, 0x00, 0xF2, 0xA7, 0x00, 0x00, 
    0x0D, 0x59, 0x00, 0x00, 0x13, 0xD0, 0x00, 0x00, 0x0A, 0x5B, 0x00, 0x00, 0x00, 0x00, 0x00, 0x00, 
    0x00, 0x00, 0x6D, 0x6C, 0x75, 0x63, 0x00, 0x00, 0x00, 0x00, 0x00, 0x00, 0x00, 0x01, 0x00, 0x00, 
    0x00, 0x0C, 0x65, 0x6E, 0x55, 0x53, 0x00, 0x00, 0x00, 0x20, 0x00, 0x00, 0x00, 0x1C, 0x00, 0x47, 
    0x00, 0x6F, 0x00, 0x6F, 0x00, 0x67, 0x00, 0x6C, 0x00, 0x65, 0x00, 0x20, 0x00, 0x49, 0x00, 0x6E, 
    0x00, 0x63, 0x00, 0x2E, 0x00, 0x20, 0x00, 0x32, 0x00, 0x30, 0x00, 0x31, 0x00, 0x36, 0xFF, 0xDB, 
    0x00, 0x43, 0x00, 0x03, 0x02, 0x02, 0x02, 0x02, 0x02, 0x03, 0x02, 0x02, 0x02, 0x03, 0x03, 0x03, 
    0x03, 0x04, 0x06, 0x04, 0x04, 0x04, 0x04, 0x04, 0x08, 0x06, 0x06, 0x05, 0x06, 0x09, 0x08, 0x0A, 
    0x0A, 0x09, 0x08, 0x09, 0x09, 0x0A, 0x0C, 0x0F, 0x0C, 0x0A, 0x0B, 0x0E, 0x0B, 0x09, 0x09, 0x0D, 
    0x11, 0x0D, 0x0E, 0x0F, 0x10, 0x10, 0x11, 0x10, 0x0A, 0x0C, 0x12, 0x13, 0x12, 0x10, 0x13, 0x0F, 
    0x10, 0x10, 0x10, 0xFF, 0xDB, 0x00, 0x43, 0x01, 0x03, 0x03, 0x03, 0x04, 0x03, 0x04, 0x08, 0x04, 
    0x04, 0x08, 0x10, 0x0B, 0x09, 0x0B, 0x10, 0x10, 0x10, 0x10, 0x10, 0x10, 0x10, 0x10, 0x10, 0x10, 
    0x10, 0x10, 0x10, 0x10, 0x10, 0x10, 0x10, 0x10, 0x10, 0x10, 0x10, 0x10, 0x10, 0x10, 0x10, 0x10, 
    0x10, 0x10, 0x10, 0x10, 0x10, 0x10, 0x10, 0x10, 0x10, 0x10, 0x10, 0x10, 0x10, 0x10, 0x10, 0x10, 
    0x10, 0x10, 0x10, 0x10, 0x10, 0x10, 0x10, 0x10, 0xFF, 0xC0, 0x00, 0x11, 0x08, 0x02, 0xE0, 0x02, 
    0xE0, 0x03, 0x01, 0x22, 0x00, 0x02, 0x11, 0x01, 0x03, 0x11, 0x01, 0xFF, 0xC4, 0x00, 0x1D, 0x00, 
    0x01, 0x00, 0x01, 0x05, 0x01, 0x01, 0x01, 0x00, 0x00, 0x00, 0x00, 0x00, 0x00, 0x00, 0x00, 0x00, 
    0x00, 0x08, 0x01, 0x02, 0x03, 0x06, 0x07, 0x05, 0x09, 0x04, 0xFF, 0xC4, 0x00, 0x4A, 0x10, 0x01, 
    0x00, 0x01, 0x03, 0x02, 0x03, 0x04, 0x03, 0x0C, 0x06, 0x0A, 0x02, 0x02, 0x01, 0x05, 0x00, 0x00, 
    0x02, 0x01, 0x03, 0x04, 0x05, 0x06, 0x07, 0x11, 0x12, 0x08, 0x21, 0x22, 0x32, 0x13, 0x31, 0x42, 
    0x14, 0x23, 0x41, 0x51, 0x52, 0x61, 0x62, 0x72, 0x81, 0x82, 0x92, 0xA2, 0x15, 0x71, 0x91, 0xA1, 
    0xB2, 0xC2, 0x16, 0x33, 0x43, 0x44, 0x53, 0x63, 0x73, 0xB1, 0xC1, 0xD2, 0x24, 0x83, 0x34, 0xE2, 
    0xD1, 0x54, 0x93, 0xC3, 0xD3, 0xF1, 0xFF, 0xC4, 0x00, 0x1C, 0x01, 0x01, 0x00, 0x02, 0x02, 0x03, 
    0x01, 0x00, 0x00, 0x00, 0x00, 0x00, 0x00, 0x00, 0x00, 0x00, 0x00, 0x00, 0x06, 0x07, 0x05, 0x08, 
    0x01, 0x03, 0x04, 0x02, 0xFF, 0xC4, 0x00, 0x39, 0x11, 0x01, 0x00, 0x00, 0x05, 0x01, 0x05, 0x04, 
    0x06, 0x09, 0x05, 0x01, 0x01, 0x00, 0x00, 0x00, 0x00, 0x00, 0x01, 0x02, 0x03, 0x04, 0x05, 0x06, 
    0x07, 0x11, 0x12, 0x21, 0x51, 0x13, 0x22, 0x31, 0x41, 0x14, 0x23, 0x61, 0x71, 0x91, 0xD1, 0x15, 
    0x32, 0x42, 0x52, 0x81, 0xA1, 0xB1, 0xC1, 0xE1, 0x33, 0x53, 0x62, 0xF0, 0xF1, 0x43, 0x24, 0xFF, 
    0xDA, 0x00, 0x0C, 0x03, 0x01, 0x00, 0x02, 0x11, 0x03, 0x11, 0x00, 0x3F, 0x00, 0xF4, 0x00, 0x69, 
    0xA3, 0x79, 0x40, 0x00, 0x00, 0x00, 0x00, 0x00, 0x00, 0x00, 0x00, 0x00, 0x00, 0x00, 0x00, 0x00, 
    0x00, 0x00, 0x00, 0x00, 0x00, 0x00, 0x00, 0x00, 0x00, 0x00, 0x00, 0x00, 0x00, 0x00, 0x00, 0x00, 
    0x00, 0x00, 0x00, 0x00, 0x00, 0x00, 0x00, 0x00, 0x00, 0x00, 0x00, 0x00, 0x00, 0x00, 0x00, 0x00, 
    0x00, 0x00, 0x00, 0x00, 0x00, 0x00, 0x00, 0x00, 0x00, 0x00, 0x00, 0x00, 0x00, 0x00, 0x00, 0x00, 
    0x00, 0x00, 0x00, 0x00, 0x00, 0x00, 0x00, 0x00, 0x00, 0x00, 0x00, 0x00, 0x00, 0x00, 0x00, 0x00, 
    0x00, 0x00, 0x00, 0x00, 0x00, 0x00, 0x00, 0x00, 0x00, 0x00, 0x00, 0x00, 0x00, 0x00, 0x00, 0x00, 
    0x00, 0x00, 0x00, 0x00, 0x00, 0x00, 0x00, 0x00, 0x00, 0x00, 0x00, 0x00, 0x00, 0x00, 0x00, 0x00, 
    0x00, 0x00, 0x00, 0x00, 0x00, 0x00, 0x00, 0x00, 0x00, 0x00, 0x00, 0x00, 0x00, 0x00, 0x00, 0x00, 
    0x00, 0x00, 0x00, 0x00, 0x00, 0x00, 0x00, 0x00, 0x00, 0x00, 0x00, 0x00, 0x00, 0x00, 0x00, 0x00, 
    0x00, 0x00, 0x00, 0x00, 0x00, 0x00, 0x00, 0x00, 0x00, 0x00, 0x00, 0x00, 0x00, 0x00, 0x00, 0x00, 
    0x00, 0x00, 0x00, 0x00, 0x00, 0x00, 0x00, 0x00, 0x00, 0x00, 0x00, 0x00, 0x00, 0x00, 0x00, 0x00, 
    0x00, 0x00, 0x00, 0x00, 0x00, 0x00, 0x00, 0x00, 0x00, 0x00, 0x00, 0x00, 0x00, 0x00, 0x00, 0x00, 
    0x00, 0x00, 0x00, 0x00, 0x00, 0x00, 0x00, 0x00, 0x00, 0x00, 0x00, 0x00, 0x00, 0x00, 0x00, 0x00, 
    0x00, 0x00, 0x00, 0x00, 0x00, 0x00, 0x00, 0x00, 0x00, 0x00, 0x00, 0x00, 0x00, 0x00, 0x00, 0x00, 
    0x00, 0x00, 0x00, 0x00, 0x00, 0x00, 0x00, 0x00, 0x00, 0x00, 0x00, 0x00, 0x00, 0x00, 0x00, 0x00, 
    0x00, 0x00, 0x00, 0x00, 0x00, 0x00, 0x00, 0x00, 0x00, 0x00, 0x00, 0x00, 0x00, 0x00, 0x00, 0x00, 
    0x00, 0x00, 0x00, 0x00, 0x00, 0x00, 0x00, 0x00, 0x00, 0x00, 0x00, 0x00, 0x00, 0x00, 0x00, 0x00, 
    0x00, 0x00, 0x00, 0x00, 0x00, 0x00, 0x00, 0x00, 0x00, 0x00, 0x00, 0x00, 0x00, 0x00, 0x00, 0x00, 
    0x00, 0x00, 0x00, 0x00, 0x00, 0x00, 0x00, 0x00, 0x00, 0x00, 0x00, 0x00, 0x00, 0x00, 0x00, 0x00, 
    0x00, 0x00, 0x00, 0x00, 0x00, 0x00, 0x00, 0x00, 0x00, 0x00, 0x00, 0x00, 0x00, 0x00, 0x00, 0x00, 
    0x00, 0x00, 0x00, 0x00, 0x00, 0x00, 0x00, 0x00, 0x00, 0x00, 0x00, 0x00, 0x00, 0x00, 0x00, 0x00, 
    0x00, 0x00, 0x00, 0x00, 0x00, 0x00, 0x00, 0x00, 0x00, 0x00, 0x00, 0x00, 0x00, 0x00, 0x00, 0x00, 
    0x00, 0x00, 0x00, 0x00, 0x00, 0x00, 0x00, 0x00, 0x00, 0x00, 0x00, 0x00, 0x00, 0x00, 0x00, 0x00, 
    0x00, 0x00, 0x00, 0x00, 0x00, 0x00, 0x00, 0x00, 0x00, 0x00, 0x00, 0x00, 0x00, 0x00, 0x00, 0x00, 
    0x00, 0x00, 0x00, 0x00, 0x00, 0x00, 0x00, 0x00, 0x00, 0x00, 0x00, 0x00, 0x00, 0x00, 0x00, 0x00, 
    0x00, 0x00, 0x00, 0x00, 0x00, 0x00, 0x00, 0x00, 0x00, 0x00, 0x00, 0x00, 0x00, 0x00, 0x00, 0x00, 
    0x00, 0x00, 0x00, 0x00, 0x00, 0x00, 0x00, 0x00, 0x00, 0x00, 0x00, 0x00, 0x00, 0x00, 0x00, 0x00, 
    0x00, 0x00, 0x00, 0x00, 0x00, 0x00, 0x00, 0x00, 0x00, 0x00, 0x00, 0x00, 0x00, 0x00, 0x00, 0x00, 
    0x00, 0x00, 0x00, 0x00, 0x00, 0x00, 0x00, 0x00, 0x00, 0x00, 0x00, 0x00, 0x00, 0x00, 0x00, 0x00, 
    0x00, 0x00, 0x00, 0x00, 0x00, 0x00, 0x00, 0x00, 0x00, 0x00, 0x00, 0x00, 0x00, 0x00, 0x00, 0x00, 
    0x00, 0x00, 0x00, 0x00, 0x00, 0x00, 0x00, 0x00, 0x00, 0x00, 0x00, 0x00, 0x00, 0x00, 0x00, 0x00, 
    0x00, 0x00, 0x00, 0x00, 0x00, 0x00, 0x00, 0x00, 0x00, 0x00, 0x00, 0x00, 0x00, 0x00, 0x00, 0x00, 
    0x00, 0x00, 0x00, 0x00, 0x00, 0x00, 0x00, 0x00, 0x00, 0x00, 0x00, 0x00, 0x00, 0x00, 0x00, 0x00, 
    0x00, 0x00, 0x00, 0x00, 0x00, 0x00, 0x00, 0x00, 0x00, 0x00, 0x00, 0x00, 0x00, 0x00, 0x00, 0x00, 
    0x00, 0x00, 0x00, 0x00, 0x00, 0x00, 0x00, 0x00, 0x00, 0x00, 0x00, 0x00, 0x00, 0x00, 0x00, 0x00, 
    0x00, 0x00, 0x00, 0x00, 0x00, 0x00, 0x00, 0x00, 0x00, 0x00, 0x00, 0x00, 0x00, 0x00, 0x00, 0x00, 
    0x00, 0x00, 0x00, 0x00, 0x00, 0x00, 0x00, 0x00, 0x00, 0x00, 0x00, 0x00, 0x00, 0x00, 0x00, 0x00, 
    0x00, 0x00, 0x00, 0x00, 0x00, 0x00, 0x00, 0x00, 0x00, 0x00, 0x00, 0x00, 0x00, 0x00, 0x00, 0x00, 
    0x00, 0x00, 0x00, 0x00, 0x00, 0x00, 0x00, 0x00, 0x00, 0x00, 0x00, 0x00, 0x00, 0x00, 0x00, 0x00, 
    0x00, 0x00, 0x00, 0x00, 0x00, 0x00, 0x00, 0x00, 0x00, 0x00, 0x00, 0x00, 0x00, 0x00, 0x00, 0x00, 
    0x00, 0x00, 0x00, 0x00, 0x00, 0x00, 0x00, 0x00, 0x00, 0x00, 0x00, 0x00, 0x00, 0x00, 0x00, 0x00, 
    0x00, 0x00, 0x00, 0x00, 0x00, 0x00, 0x00, 0x00, 0x00, 0x00, 0x00, 0x00, 0x00, 0x00, 0x00, 0x00, 
    0x00, 0x00, 0x00, 0x1F, 0x66, 0xFD, 0xC0, 0x0E, 0x78, 0x40, 0x07, 0x58, 0x00, 0x00, 0x00, 0x00, 
    0x00, 0x00, 0x00, 0x00, 0x00, 0x00, 0x00, 0x00, 0x00, 0x00, 0x00, 0x00, 0x00, 0x00, 0x00, 0x00, 
    0x00, 0x00, 0x00, 0x00, 0x00, 0x00, 0x00, 0x00, 0x00, 0x00, 0x00, 0x00, 0x00, 0x00, 0x00, 0x00, 
    0x00, 0x00, 0x00, 0x00, 0x00, 0x00, 0x00, 0x00, 0x00, 0x00, 0x00, 0x00, 0x00, 0x00, 0x00, 0x00, 
    0x00, 0x00, 0x00, 0x00, 0x00, 0x00, 0x00, 0x00, 0x00, 0x05, 0x7E, 0x15, 0x92, 0xF4, 0x9F, 0x04, 
    0xB9, 0xAE, 0x94, 0x65, 0xEC, 0x77, 0x36, 0x8D, 0x9F, 0xC2, 0xDD, 0xFF, 0x00, 0xBE, 0x6E, 0x43, 
    0xFA, 0x3D, 0xA1, 0x64, 0x5E, 0xB1, 0xFF, 0x00, 0xEA, 0x6E, 0x43, 0xD1, 0xD9, 0xA7, 0xDB, 0x2F, 
    0xE5, 0x64, 0x6C, 0xEC, 0x2E, 0x2F, 0xA7, 0xE0, 0xA1, 0x26, 0xF8, 0xB1, 0xB7, 0xD9, 0x3B, 0x4C, 
    0x75, 0x3E, 0x3B, 0xAA, 0x90, 0x96, 0x1E, 0xD6, 0xAF, 0x4E, 0xA8, 0xD3, 0xC4, 0xC9, 0x63, 0x1B, 
    0x23, 0x32, 0xF5, 0xBC, 0x3C, 0x3C, 0x7B, 0xB9, 0x19, 0x17, 0x7C, 0xB6, 0xED, 0xC2, 0x52, 0x9C, 
    0xBE, 0xEC, 0x52, 0x73, 0x66, 0x76, 0x3C, 0xB7, 0x1A, 0xDB, 0xCB, 0xDF, 0x3A, 0xE4, 0xAF, 0x56, 
    0x3E, 0x6C, 0x5C, 0x1F, 0x0C, 0x25, 0xFA, 0xEE, 0x4B, 0xC7, 0xF8, 0x7A, 0x1D, 0xDF, 0x6A, 0x70, 
    0xEF, 0x66, 0xEC, 0x7C, 0x5F, 0x43, 0xB6, 0xF6, 0xFE, 0x26, 0x1D, 0x65, 0x4F, 0x1D, 0xCB, 0x76, 
    0xBC, 0x73, 0xFD, 0x75, 0xF3, 0x49, 0x60, 0x62, 0xB6, 0x6F, 0x7D, 0x75, 0x1E, 0x3B, 0xC8, 0xF0, 
    0x4B, 0xF1, 0x8A, 0xB2, 0xCC, 0xED, 0x5A, 0xC2, 0xD3, 0xD5, 0xD8, 0x49, 0xDA, 0x4D, 0xF0, 0x82, 
    0x21, 0x6C, 0xBE, 0xCC, 0xDC, 0x45, 0xDD, 0x53, 0xB7, 0x77, 0x51, 0xC5, 0xB7, 0xA1, 0xE2, 0xCF, 
    0xC5, 0x29, 0xE5, 0x78, 0xEE, 0xFD, 0xDB, 0x71, 0xFE, 0x6E, 0x4E, 0xC1, 0xA4, 0x76, 0x3E, 0xD9, 
    0x38, 0xB6, 0xA3, 0x1D, 0x5B, 0x5A, 0xD5, 0x35, 0x1B, 0xD4, 0xF3, 0x56, 0x93, 0xA5, 0x98, 0xFE, 
    0xC8, 0x53, 0xFE, 0x52, 0x06, 0xB3, 0x8C, 0x61, 0xDD, 0x4F, 0xDE, 0xBE, 0xB2, 0xF0, 0x75, 0x52, 
    0x2B, 0x1B, 0x1F, 0xA1, 0x71, 0x36, 0x32, 0x77, 0xA9, 0xF1, 0xC7, 0xDA, 0xAB, 0x72, 0x9B, 0x41, 
    0xCD, 0xE4, 0xA7, 0xFE, 0xA7, 0x04, 0xBD, 0x25, 0xFF, 0x00, 0x77, 0xA3, 0xBE, 0xB9, 0xD8, 0xEF, 
    0x66, 0x65, 0x59, 0x94, 0xB4, 0x8D, 0x7F, 0x54, 0xC1, 0x9F, 0xB3, 0xD7, 0x2A, 0x5D, 0x8F, 0xE1, 
    0xE9, 0x70, 0x7E, 0x24, 0x70, 0x4B, 0x79, 0xF0, 0xCE, 0xB3, 0xC9, 0xCF, 0xC5, 0xA6, 0x6E, 0x99, 
    0xCF, 0x94, 0x33, 0x71, 0x7D, 0x51, 0xFA, 0xD0, 0xF3, 0x45, 0x3F, 0xE5, 0x4A, 0xF4, 0xD3, 0xC4, 
    0xFC, 0x99, 0xD8, 0x58, 0x9A, 0x96, 0x1D, 0xCC, 0x3C, 0xDC, 0x4B, 0x57, 0xAD, 0x5E, 0x87, 0x45, 
    0xCB, 0x77, 0x23, 0xD5, 0x19, 0x53, 0xE2, 0xAB, 0xA3, 0x2F, 0xA1, 0x31, 0x97, 0xD4, 0xBD, 0x44, 
    0xBD, 0x9C, 0xDE, 0xCF, 0x93, 0xBF, 0x0D, 0xB4, 0x4C, 0xC6, 0x2E, 0xAC, 0xBD, 0xB5, 0x4E, 0xD2, 
    0x4E, 0x91, 0xF9, 0xBE, 0x67, 0x56, 0xBC, 0x94, 0xA4, 0x63, 0x47, 0x4D, 0xE3, 0xC7, 0x09, 0xEB, 
    0xC3, 0x5D, 0xCB, 0x09, 0xE9, 0xB1, 0xAD, 0x74, 0x6D, 0x4B, 0xAA, 0x78, 0xBC, 0xFF, 0x00, 0xB1, 
    0x9C, 0x7D, 0x76, 0xBF, 0xEB, 0xF3, 0x39, 0x97, 0x8B, 0x92, 0x85, 0xCA, 0xE3, 0x6A, 0xE2, 0xAE, 
    0x63, 0x6B, 0x5B, 0xC6, 0x0D, 0x93, 0xC2, 0xE6, 0x28, 0x67, 0x2C, 0xE4, 0xBC, 0xB7, 0x8F, 0x28, 
    0xAA, 0x03, 0x12, 0xCB, 0x80, 0x00, 0x00, 0x00, 0x00, 0x00, 0x00, 0x00, 0x00, 0x00, 0x00, 0x00, 
    0x00, 0x00, 0x00, 0x00, 0x00, 0x00, 0x00, 0x00, 0x00, 0x00, 0x00, 0x00, 0x00, 0x00, 0x00, 0x00, 
    0x00, 0x00, 0x00, 0x00, 0x00, 0x00, 0x00, 0x00, 0x00, 0x00, 0x00, 0x00, 0x00, 0x00, 0x00, 0x00, 
    0x00, 0x00, 0x00, 0x00, 0x00, 0x00, 0x00, 0x00, 0x00, 0x00, 0x00, 0x00, 0x03, 0xB6, 0x5A, 0x73, 
    0x4D, 0x1D, 0xD0, 0x7C, 0xCF, 0x3C, 0xB2, 0x43, 0x7C, 0xD1, 0x52, 0x92, 0x8F, 0xB0, 0xAF, 0x3E, 
    0x9F, 0x3C, 0xB9, 0xB7, 0x7D, 0x9D, 0xC1, 0xBE, 0x22, 0x6F, 0x89, 0x42, 0x7A, 0x26, 0x81, 0x7E, 
    0xD6, 0x34, 0xBF, 0xBC, 0x66, 0x7B, 0xCC, 0x3F, 0x7F, 0x8A, 0x5F, 0x75, 0xDD, 0xB6, 0x67, 0x64, 
    0x4D, 0x0F, 0x4F, 0x85, 0xBC, 0xCD, 0xED, 0xAB, 0xDF, 0xD4, 0xEE, 0xF9, 0xA7, 0x8D, 0x63, 0xDE, 
    0x6C, 0xFE, 0xD8, 0xF7, 0xCB, 0xF7, 0x25, 0x78, 0xBD, 0x1F, 0x94, 0xCA, 0xF3, 0x92, 0x9E, 0xE9, 
    0x7A, 0xC7, 0x92, 0x15, 0x98, 0xD7, 0xB8, 0x6C, 0x2F, 0x76, 0xA5, 0x4E, 0x39, 0xBA, 0x43, 0x9C, 
    0x51, 0x6B, 0x4F, 0xD3, 0x35, 0x2D, 0x5B, 0x2A, 0x98, 0x3A, 0x56, 0x9F, 0x91, 0x99, 0x93, 0x2F, 
    0x55, 0x9B, 0x16, 0xE5, 0x39, 0x7E, 0x57, 0x63, 0xD9, 0x5D, 0x95, 0xB7, 0xEE, 0xBF, 0x2B, 0x79, 
    0x3B, 0x92, 0xE5, 0xAD, 0x03, 0x0E, 0x7F, 0xE2, 0x7B, 0xFE, 0x47, 0xE0, 0x8F, 0x86, 0x3F, 0x6C, 
    0x92, 0xD3, 0x6D, 0xEC, 0xDD, 0xB1, 0xB4, 0xB0, 0xBD, 0xC9, 0xB7, 0x34, 0x3C, 0x5D, 0x3E, 0xCD, 
    0x3D, 0x70, 0xB1, 0x6B, 0x97, 0x3F, 0xD7, 0xF1, 0xBD, 0xBE, 0x9A, 0x4F, 0xC5, 0xCB, 0x9A, 0xCD, 
    0xC4, 0xEC, 0xDA, 0xD2, 0xDB, 0xD6, 0x5F, 0x47, 0xB4, 0x9B, 0xA7, 0x84, 0x15, 0x3E, 0x6B, 0x6A, 
    0xF7, 0xF7, 0x9E, 0xAE, 0xC2, 0x4E, 0xCE, 0x5E, 0xBE, 0x31, 0xF9, 0x7E, 0xAE, 0x51, 0xB3, 0xBB, 
    0x36, 0x70, 0xDF, 0x68, 0x4A, 0xD6, 0x44, 0xF4, 0xBF, 0xD2, 0xD9, 0x76, 0xFF, 0x00, 0xB7, 0xCE, 
    0xF7, 0xCE, 0xFF, 0x00, 0x9A, 0x9E, 0x58, 0xBA, 0xA5, 0x8B, 0x16, 0xAC, 0x42, 0x96, 0xEC, 0xDA, 
    0xB7, 0x08, 0xD3, 0xBA, 0x94, 0x8C, 0x79, 0x72, 0x5F, 0x0F, 0x1D, 0x7E, 0x36, 0x4A, 0xD2, 0x9F, 
    0x02, 0x7B, 0x6B, 0x8C, 0xB6, 0xB0, 0x87, 0x05, 0xBD, 0x38, 0x42, 0x0A, 0xD6, 0xF3, 0x25, 0x77, 
    0x92, 0xA9, 0xDA, 0xDD, 0x54, 0x8C, 0xF1, 0xF6, 0xAF, 0x8A, 0xE0, 0x64, 0x5E, 0x35, 0x39, 0x50, 
    0x54, 0x01, 0x4A, 0xAA, 0xB6, 0x40, 0xE3, 0xDD, 0xA6, 0x76, 0xD5, 0xAD, 0x6B, 0x85, 0x5A, 0xA6, 
    0x54, 0xAD, 0xD2, 0x57, 0xB4, 0xEA, 0xC3, 0x32, 0xCC, 0xBE, 0x4F, 0x4D, 0x7C, 0x5F, 0x96, 0xB2, 
    0x41, 0xF8, 0xC7, 0xCD, 0xD2, 0x9F, 0x7C, 0x7A, 0xCB, 0xB3, 0x87, 0xC2, 0x6D, 0xCF, 0x7A, 0xEF, 
    0xAB, 0xDC, 0x32, 0xB5, 0xF6, 0xCA, 0xBD, 0x31, 0xFE, 0x24, 0x03, 0xEA, 0xF1, 0xD6, 0x3F, 0x25, 
    0x44, 0x6D, 0x3A, 0x94, 0x92, 0x5F, 0xD3, 0x9A, 0x5F, 0x18, 0xC3, 0xF7, 0x6C, 0x1E, 0xC8, 0x6A, 
    0xD4, 0x9B, 0x1F, 0x5A, 0x94, 0xDF, 0x56, 0x13, 0x7E, 0xD0, 0x54, 0x05, 0x56, 0xB8, 0x80, 0x00, 
    0x00, 0x00, 0x00, 0x00, 0x00, 0x00, 0x00, 0x00, 0x00, 0x00, 0x00, 0x00, 0x00, 0x00, 0x00, 0x00, 
    0x00, 0x00, 0x00, 0x00, 0x00, 0x00, 0x00, 0x00, 0x00, 0x00, 0x00, 0x00, 0x00, 0x00, 0x00, 0x00, 
    0x00, 0x00, 0x00, 0x00, 0x00, 0x00, 0x00, 0x00, 0x00, 0x00, 0x00, 0x00, 0x00, 0x00, 0x00, 0x00, 
    0x00, 0x00, 0x1C, 0xC0, 0x57, 0xC1, 0xF0, 0x31, 0xCB, 0xD2, 0x7C, 0x0C, 0x91, 0xB5, 0xD7, 0x58, 
    0x5B, 0x87, 0x7C, 0xE7, 0xE5, 0xA3, 0xA1, 0xEC, 0xCE, 0x01, 0xF1, 0x27, 0x79, 0xCA, 0x17, 0x71, 
    0xB4, 0x49, 0x69, 0xF8, 0x95, 0xF3, 0x5F, 0xCE, 0xF7, 0x9A, 0x7D, 0x90, 0xF3, 0x55, 0x96, 0xB2, 
    0xC5, 0x5D, 0xE4, 0x27, 0xE0, 0xB7, 0xA7, 0x18, 0xC5, 0x87, 0xC9, 0x66, 0xAC, 0x71, 0x74, 0xF8, 
    0xEE, 0xEA, 0xC2, 0x10, 0xF6, 0xB9, 0xD4, 0xBA, 0xBD, 0x97, 0xA1, 0xA1, 0xED, 0xBD, 0xC5, 0xB9, 
    0x72, 0xA9, 0x83, 0xB7, 0xB4, 0x8C, 0xAD, 0x56, 0xF7, 0xF8, 0x76, 0x2D, 0xF9, 0x7E, 0xB7, 0xC9, 
    0x4A, 0xFD, 0x99, 0xD9, 0x1B, 0x67, 0xE9, 0x15, 0x86, 0x56, 0xEB, 0xD4, 0x2F, 0x6B, 0x97, 0xA3, 
    0xE2, 0xF4, 0x7D, 0x3E, 0x83, 0x1F, 0xF0, 0xC7, 0xBE, 0xBF, 0x89, 0xDB, 0x34, 0x8D, 0x07, 0x47, 
    0xDB, 0xB8, 0x10, 0xD3, 0xF4, 0x3D, 0x1F, 0x1F, 0x07, 0x1E, 0x1E, 0x5B, 0x76, 0x21, 0x1B, 0x71, 
    0xFC, 0xAB, 0x0B, 0x15, 0xB3, 0x6B, 0x8A, 0xDE, 0xB2, 0xFE, 0x3C, 0x10, 0xE9, 0x0E, 0x71, 0x55, 
    0xF9, 0xAD, 0xAC, 0xDB, 0x51, 0xF5, 0x78, 0xDA, 0x7C, 0x51, 0xEB, 0x1E, 0x50, 0xF9, 0xFE, 0x88, 
    0x99, 0xB3, 0x3B, 0x22, 0x6F, 0x1D, 0x5A, 0xB0, 0xC8, 0xDE, 0x9A, 0x85, 0xBD, 0x23, 0x1F, 0xFC, 
    0x1B, 0x3E, 0xFD, 0x7B, 0xFE, 0xB1, 0xFC, 0xCE, 0xF7, 0xB2, 0xF8, 0x0B, 0xC3, 0x8D, 0x95, 0x28, 
    0x64, 0x61, 0x68, 0x30, 0xCA, 0xCC, 0xB7, 0xEA, 0xCA, 0xCB, 0xF7, 0xEB, 0xBF, 0x77, 0xAB, 0xBA, 
    0x3F, 0x75, 0xD2, 0xE1, 0x1F, 0x0F, 0x84, 0xB9, 0xEA, 0xF2, 0xF3, 0x59, 0x58, 0xBD, 0x27, 0x8B, 
    0xC5, 0x73, 0xA7, 0x4F, 0x7C, 0x7A, 0xC7, 0x9A, 0xA8, 0xCC, 0x6B, 0x1C, 0xC6, 0x6A, 0x3B, 0xAB, 
    0xD6, 0xDD, 0x2F, 0x48, 0x72, 0x82, 0xEB, 0x76, 0xA1, 0x6B, 0xC9, 0x18, 0xC6, 0x9F, 0xA9, 0x5E, 
    0x8F, 0x9D, 0x78, 0x93, 0xC2, 0x10, 0x87, 0x82, 0x33, 0xE3, 0xE2, 0x00, 0xE4, 0x00, 0x00, 0x00, 
    0x00, 0x01, 0x6C, 0x97, 0x2D, 0x90, 0x38, 0x1F, 0x6B, 0xDD, 0x72, 0x3A, 0x7F, 0x0F, 0xB1, 0xF4, 
    0x6B, 0x72, 0xF7, 0xCD, 0x4F, 0x3A, 0xD5, 0xA9, 0x53, 0xE3, 0x8D, 0x3C, 0x75, 0xFE, 0x1A, 0x21, 
    0xD7, 0x3E, 0x99, 0x73, 0x48, 0x1E, 0xD8, 0xDA, 0xD7, 0xA6, 0xDD, 0x9A, 0x3E, 0x87, 0x49, 0x52, 
    0xB4, 0xC2, 0xC5, 0x9E, 0x45, 0x63, 0xF3, 0xDD, 0x94, 0x69, 0x1F, 0xDD, 0x6E, 0x48, 0xFD, 0x2F, 
    0x81, 0xAE, 0x3A, 0xFA, 0xEB, 0xD2, 0xB3, 0x33, 0xCB, 0xF7, 0x77, 0x41, 0xB3, 0x9B, 0x33, 0xB2, 
    0xF4, 0x3C, 0x1C, 0xB3, 0x47, 0xFF, 0x00, 0x4D, 0xF1, 0x00, 0x40, 0xD6, 0x48, 0x03, 0x80, 0x00, 
    0x00, 0x00, 0x00, 0x00, 0x00, 0x00, 0x00, 0x00, 0x00, 0x00, 0x00, 0x00, 0x00, 0x00, 0x00, 0x00, 
    0x00, 0x00, 0x00, 0x00, 0x00, 0x00, 0x00, 0x00, 0x00, 0x00, 0x00, 0x00, 0x00, 0x00, 0x00, 0x00, 
    0x00, 0x00, 0x00, 0x00, 0x00, 0x00, 0x00, 0x00, 0x00, 0x00, 0x00, 0x00, 0x01, 0xC8, 0x47, 0xBB, 
    0x91, 0x29, 0x15, 0xAF, 0x7F, 0xA9, 0x5B, 0x36, 0x6E, 0x64, 0xDC, 0xA6, 0x3E, 0x3D, 0x99, 0xDC, 
    0xBB, 0x2F, 0x0D, 0x2D, 0x5B, 0xA7, 0x54, 0xA5, 0xF6, 0x3B, 0xE9, 0xD2, 0x9E, 0xB4, 0xDD, 0xC8, 
    0x3A, 0x6B, 0x55, 0xA7, 0x42, 0x5E, 0x3A, 0x91, 0xDC, 0xB6, 0x32, 0x8C, 0xFC, 0x51, 0xEF, 0x57, 
    0xEF, 0x72, 0x75, 0x4D, 0x9B, 0xD9, 0xB7, 0x89, 0x7B, 0xBA, 0xB6, 0x6E, 0xE5, 0xE9, 0xB0, 0xD0, 
    0xF0, 0xA7, 0xE6, 0xB9, 0x9B, 0xDD, 0x77, 0xEE, 0xDB, 0x8F, 0x7F, 0xE2, 0xE9, 0x77, 0x9D, 0x99, 
    0xD9, 0x53, 0x60, 0xED, 0xEE, 0x8C, 0xAD, 0x7A, 0x97, 0xB7, 0x06, 0x4C, 0x7D, 0x5E, 0xE9, 0xF0, 
    0x59, 0x8F, 0xFE, 0xB8, 0xFF, 0x00, 0x37, 0x52, 0x61, 0x8A, 0xD1, 0x19, 0x5C, 0x97, 0x7B, 0x83, 
    0x82, 0x5E, 0xB1, 0xE4, 0x81, 0xE6, 0x76, 0x8B, 0x87, 0xC5, 0x77, 0x65, 0x9F, 0xB4, 0x9B, 0xA4, 
    0x39, 0xFE, 0x7E, 0x08, 0x91, 0xB6, 0xF6, 0x7E, 0xE7, 0xDE, 0x19, 0x31, 0xC3, 0xDB, 0x9A, 0x1E, 
    0x4E, 0x74, 0xBC, 0xB5, 0x95, 0xB8, 0x78, 0x29, 0xF5, 0xA7, 0xE5, 0x8B, 0xB8, 0x6C, 0xCE, 0xC8, 
    0x5A, 0xEE, 0x5D, 0x2D, 0xE4, 0x6F, 0x6D, 0x6E, 0xDE, 0x9F, 0x6F, 0xE1, 0xC6, 0xC3, 0xF7, 0xC9, 
    0xCB, 0xEB, 0x4E, 0x5D, 0xD1, 0xFB, 0x39, 0xA5, 0x4E, 0x9B, 0xA4, 0x69, 0xFA, 0x65, 0x88, 0xE3, 
    0x69, 0xF8, 0x96, 0x2C, 0x5B, 0xB7, 0xE5, 0x85, 0xA8, 0x74, 0x52, 0x9F, 0x63, 0xF7, 0x5C, 0x8D, 
    0x23, 0x1F, 0x2F, 0x35, 0x99, 0x89, 0xD9, 0xD5, 0x85, 0x97, 0x7E, 0xEE, 0x3D, 0xA4, 0xDF, 0x08, 
    0x2A, 0x7C, 0xDE, 0xD4, 0x72, 0xB9, 0x1E, 0xE5, 0xA4, 0x3B, 0x29, 0x3E, 0x31, 0x68, 0x9B, 0x2F, 
    0x83, 0x7B, 0x03, 0x63, 0x4A, 0x17, 0x34, 0x5D, 0x06, 0xC5, 0x32, 0x23, 0xE1, 0xF7, 0x45, 0xE8, 
    0xF5, 0xDE, 0xAF, 0xDF, 0x97, 0xFC, 0x37, 0x99, 0x52, 0x90, 0x8F, 0x2B, 0x74, 0xA4, 0x6A, 0xC9, 
    0x4A, 0xCB, 0xCC, 0xB6, 0x5C, 0xEB, 0xEA, 0x8D, 0x2A, 0x9D, 0xDB, 0xD9, 0xDB, 0xD9, 0xC9, 0xC1, 
    0x42, 0x4D, 0xD0, 0xF6, 0x2B, 0xAB, 0x8B, 0xBB, 0x8B, 0xB9, 0xF8, 0xEB, 0x4F, 0xC5, 0x1F, 0x6B, 
    0x30, 0x0F, 0x63, 0xA4, 0x00, 0x00, 0x00, 0x00, 0x00, 0x00, 0x00, 0x00, 0x01, 0x6D, 0x29, 0xCE, 
    0x8B, 0x65, 0xDD, 0x1A, 0xD6, 0x4A, 0xBF, 0x16, 0xAD, 0x99, 0x6B, 0x0F, 0x4F, 0xC9, 0xCB, 0xBB, 
    0x5F, 0x7B, 0xB3, 0x6A, 0x53, 0x95, 0x7E, 0x6A, 0x47, 0x9B, 0xAA, 0xAD, 0x4E, 0xCE, 0x9C, 0x66, 
    0x73, 0x4E, 0x4E, 0xD2, 0x68, 0x4A, 0x81, 0xBD, 0xA0, 0x35, 0xC8, 0xEE, 0x0E, 0x2E, 0xEB, 0x79, 
    0x56, 0xE5, 0xD7, 0x6A, 0xC5, 0xC8, 0xE2, 0x43, 0xFF, 0x00, 0x54, 0x39, 0x4B, 0xF3, 0x75, 0x39, 
    0xF7, 0xB5, 0x59, 0x3F, 0x4E, 0xA9, 0x9F, 0x73, 0x56, 0xD5, 0x33, 0x35, 0x3B, 0xD2, 0xEA, 0x9E, 
    0x66, 0x4D, 0xDC, 0x9A, 0xD7, 0xEB, 0xCF, 0xAB, 0xFE, 0x5F, 0x96, 0xB2, 0xF7, 0xBE, 0xA6, 0xA9, 
    0x66, 0x6E, 0x23, 0x77, 0x7D, 0x52, 0xE3, 0xAC, 0x62, 0xDC, 0x8C, 0x15, 0xA7, 0xD1, 0xF8, 0xDA, 
    0x16, 0xFD, 0x25, 0x84, 0x15, 0x01, 0x86, 0x67, 0x00, 0x00, 0x00, 0x00, 0x00, 0x00, 0x00, 0x00, 
    0x00, 0x00, 0x00, 0x00, 0x00, 0x00, 0x00, 0x00, 0x00, 0x00, 0x00, 0x00, 0x00, 0x00, 0x00, 0x00, 
    0x00, 0x00, 0x00, 0x00, 0x00, 0x00, 0x00, 0x00, 0x00, 0x00, 0x00, 0x00, 0x00, 0x00, 0x00, 0x00, 
    0x00, 0x00, 0x00, 0x00, 0x01, 0xCC, 0x05, 0x29, 0x1E, 0x9E, 0x7D, 0x72, 0xEA, 0xFB, 0x15, 0xAF, 
    0x8A, 0x3E, 0x0E, 0xE6, 0x5C, 0x2D, 0x37, 0x50, 0xD4, 0xF2, 0xA1, 0x83, 0xA6, 0xE3, 0xDF, 0xCC, 
    0xC8, 0xBB, 0xE5, 0xB7, 0x66, 0xDC, 0xAE, 0xCA, 0xBF, 0x76, 0x2E, 0xBB, 0xB3, 0xBB, 0x2D, 0xF1, 
    0x0F, 0x72, 0xC6, 0xDE, 0x56, 0xB7, 0x1B, 0x3A, 0x1E, 0x1C, 0xBF, 0xC7, 0xAF, 0xA4, 0xBD, 0x2F, 
    0xFD, 0x71, 0xFF, 0x00, 0x99, 0x33, 0x96, 0x18, 0x3B, 0xFC, 0x9C, 0xDB, 0xAD, 0xA9, 0xC6, 0x28, 
    0xFE, 0x53, 0x52, 0x63, 0x70, 0xF2, 0x6F, 0xBC, 0xAD, 0x08, 0x7F, 0xBD, 0x1C, 0x76, 0x5F, 0xB5, 
    0xB1, 0x6D, 0x5E, 0x1D, 0x6F, 0x5D, 0xEF, 0x72, 0x16, 0xF6, 0xDE, 0xDE, 0xCA, 0xCA, 0x87, 0xF8, 
    0xF5, 0x87, 0xA3, 0xB3, 0x4F, 0xFD, 0x92, 0xF0, 0xA5, 0xDE, 0xCA, 0xEC, 0xC9, 0xC3, 0xAD, 0xA5, 
    0x2B, 0x79, 0x19, 0x98, 0x54, 0xD6, 0xB2, 0xA1, 0xE2, 0xF4, 0xB9, 0xD1, 0xEB, 0xA7, 0x57, 0xCD, 
    0x0F, 0x2B, 0xAC, 0xE3, 0xE2, 0xE3, 0xE2, 0xDB, 0xA5, 0x9C, 0x7B, 0x30, 0x84, 0x69, 0xDD, 0x4A, 
    0x42, 0x1C, 0xA9, 0x45, 0x8D, 0x89, 0xD9, 0x95, 0x49, 0xBB, 0xF7, 0xF3, 0xEE, 0xF6, 0x43, 0xE6, 
    0xAA, 0xF3, 0x5B, 0x5C, 0x96, 0x1E, 0xAB, 0x17, 0x4F, 0x7F, 0xF9, 0x47, 0xE4, 0x8B, 0xFB, 0x33, 
    0xB1, 0xCD, 0x25, 0x2B, 0x79, 0x9B, 0xF3, 0x5D, 0xE7, 0xF2, 0xB1, 0x74, 0xFF, 0x00, 0xF9, 0xB9, 
    0x2F, 0xE5, 0x8C, 0x5D, 0xEB, 0x68, 0x70, 0xCB, 0x65, 0xEC, 0x8B, 0x1E, 0x8F, 0x6D, 0x6D, 0xFC, 
    0x6C, 0x49, 0xCA, 0x9E, 0x3B, 0xDD, 0x3D, 0x77, 0x25, 0xF5, 0xA7, 0x2F, 0x13, 0x6D, 0xB7, 0x4E, 
    0x51, 0xF2, 0xF4, 0xFD, 0xA5, 0xCF, 0x0D, 0x3E, 0x35, 0x91, 0x8D, 0xD3, 0x58, 0xEC, 0x54, 0x3D, 
    0x45, 0x3E, 0x7D, 0x7C, 0xD5, 0x5E, 0x57, 0x53, 0x65, 0x33, 0x33, 0x6F, 0xBA, 0xAD, 0x34, 0x61, 
    0xD3, 0xCB, 0xE0, 0xBF, 0xD1, 0xD2, 0x9E, 0xA5, 0xE0, 0xCF, 0xEE, 0x60, 0x96, 0xC5, 0x70, 0x39, 
    0x00, 0x00, 0x00, 0x00, 0x52, 0xA0, 0xC5, 0xE1, 0xE7, 0xD3, 0x4F, 0xD8, 0xA7, 0x54, 0x7A, 0x2B, 
    0xCE, 0x3C, 0x9E, 0x6E, 0xB9, 0xB8, 0x34, 0x7D, 0xB5, 0xA6, 0xDE, 0xD5, 0xF5, 0xAD, 0x43, 0x1F, 
    0x17, 0x13, 0x1E, 0x9D, 0x53, 0xBB, 0x76, 0x7D, 0x31, 0x8B, 0x90, 0xE9, 0xBD, 0xAB, 0x36, 0x06, 
    0xA7, 0xB8, 0xE1, 0xA1, 0x7A, 0x1C, 0xFB, 0x38, 0xF7, 0xEE, 0xFA, 0x0B, 0x79, 0xB7, 0x21, 0x48, 
    0xD9, 0x94, 0xFE, 0x7F, 0x6A, 0x31, 0xF9, 0xD8, 0xDB, 0x9C, 0xBD, 0x95, 0x94, 0xF0, 0xA5, 0x5E, 
    0xA4, 0x21, 0x34, 0x5E, 0xEB, 0x4C, 0x4D, 0xED, 0xFC, 0x91, 0xAB, 0x6F, 0x4E, 0x31, 0x96, 0x5F, 
    0x17, 0x77, 0x16, 0xDB, 0x95, 0x25, 0x0A, 0x4A, 0x9F, 0x0D, 0x17, 0x32, 0x50, 0xE6, 0xF0, 0x80, 
    0x00, 0x00, 0x0A, 0x55, 0x50, 0x18, 0x79, 0xF3, 0x8F, 0x27, 0x3A, 0xE3, 0xDE, 0xB9, 0x4D, 0xBF, 
    0xC2, 0xAD, 0xC1, 0x99, 0x19, 0x7A, 0x39, 0xDC, 0xC5, 0xF4, 0x16, 0xFE, 0xBC, 0xEB, 0xD1, 0xFC, 
    0xCE, 0x89, 0x09, 0x73, 0x95, 0x7F, 0x52, 0x3C, 0xF6, 0xCB, 0xD7, 0x3D, 0xC5, 0xB3, 0x74, 0xAD, 
    0x1A, 0x12, 0xF1, 0x6A, 0x19, 0xDD, 0x72, 0x8F, 0xD1, 0xB5, 0x4E, 0xAF, 0xE2, 0xAC, 0x18, 0x2D, 
    0x4B, 0x73, 0xE8, 0x58, 0xCA, 0xB5, 0x7D, 0x8C, 0xD6, 0x9B, 0xB2, 0xF4, 0xEC, 0xB5, 0xBD, 0xBF, 
    0x59, 0xA0, 0x89, 0x20, 0x35, 0x5A, 0xA4, 0xDC, 0x53, 0x46, 0x2D, 0xC9, 0x92, 0x4E, 0x09, 0x61, 
    0x28, 0x03, 0xA9, 0xF4, 0x00, 0x00, 0x00, 0x00, 0x00, 0x00, 0x00, 0x00, 0x00, 0x00, 0x00, 0x00, 
    0x00, 0x00, 0x00, 0x00, 0x00, 0x00, 0x00, 0x00, 0x00, 0x00, 0x00, 0x00, 0x00, 0x00, 0x00, 0x00, 
    0x00, 0x00, 0x00, 0x00, 0x00, 0x00, 0x00, 0x00, 0x00, 0x00, 0x00, 0x00, 0xE4, 0x05, 0x7A, 0x7A, 
    0x9F, 0xAB, 0x49, 0xD0, 0xF5, 0x6D, 0x77, 0x26, 0x98, 0x5A, 0x3E, 0x9B, 0x95, 0x9B, 0x91, 0x5F, 
    0x34, 0x2C, 0x5A, 0x94, 0xE4, 0xF5, 0xD1, 0xB7, 0xA9, 0x71, 0x3F, 0x05, 0x29, 0x77, 0xC5, 0xE4, 
    0xB9, 0xBB, 0xA1, 0x6B, 0x27, 0x69, 0x5A, 0x7E, 0x18, 0x3F, 0x1F, 0x3E, 0x9E, 0x5C, 0xFB, 0x95, 
    0xF4, 0x92, 0x84, 0xBB, 0xA3, 0xCA, 0x8E, 0xE7, 0xB2, 0xBB, 0x25, 0xEF, 0x9D, 0x6A, 0x50, 0xBF, 
    0xBB, 0x32, 0xAD, 0x68, 0xB8, 0xD2, 0xF1, 0x7A, 0x38, 0x74, 0xDF, 0xC8, 0xFF, 0x00, 0xAC, 0x7F, 
    0x6B, 0xBD, 0xEC, 0xBE, 0xCE, 0xFC, 0x34, 0xD9, 0x9E, 0x8F, 0x23, 0x17, 0x46, 0xA6, 0x76, 0x65, 
    0xBF, 0xEF, 0x59, 0xBE, 0xFD, 0x2F, 0xBB, 0x4F, 0x2C, 0x7F, 0x62, 0x6F, 0x88, 0xD0, 0x39, 0x3C, 
    0x87, 0x7A, 0xB4, 0x3B, 0x39, 0x7D, 0xBF, 0x25, 0x7B, 0x99, 0xDA, 0x66, 0x27, 0x1B, 0xEA, 0xE8, 
    0x47, 0xB5, 0x9B, 0xD9, 0xE1, 0xF1, 0xFF, 0x00, 0xA8, 0x81, 0xB3, 0xF8, 0x47, 0xC4, 0x1D, 0xF3, 
    0x76, 0x94, 0xD0, 0xB4, 0x0B, 0xFE, 0x82, 0x5F, 0xDE, 0x2F, 0xFB, 0xCD, 0x9F, 0xDB, 0x5F, 0x37, 
    0xDD, 0x77, 0x9D, 0x95, 0xD8, 0xF7, 0x49, 0xC7, 0x8C, 0x33, 0x37, 0xD6, 0xB3, 0x77, 0x3A, 0xE5, 
    0x3D, 0x78, 0x78, 0xBE, 0xF7, 0x6B, 0xEF, 0x4F, 0xCD, 0x2F, 0xDC, 0x92, 0x76, 0xB1, 0xED, 0x59, 
    0x8F, 0x4D, 0xB8, 0xD2, 0x34, 0xF9, 0xA8, 0xBE, 0xB4, 0xA7, 0xB4, 0xB2, 0xF1, 0x3B, 0x3F, 0xC6, 
    0xE3, 0xFB, 0xF5, 0x7D, 0x64, 0xDE, 0xDF, 0x0F, 0x82, 0xA7, 0xCC, 0xED, 0x27, 0x31, 0x94, 0xEE, 
    0x52, 0x9B, 0xB2, 0x93, 0xD9, 0xE3, 0xF1, 0x6B, 0x3B, 0x5B, 0x61, 0x6D, 0x5D, 0x9F, 0x8D, 0xEE, 
    0x6D, 0xBB, 0xA2, 0xE2, 0x61, 0xC3, 0xE1, 0xF4, 0x56, 0x7A, 0x2B, 0x5F, 0xD7, 0x5F, 0x5C, 0x9B, 
    0x34, 0x63, 0x4E, 0x95, 0x6B, 0x1F, 0x8A, 0x5C, 0x89, 0x77, 0x47, 0xBE, 0x49, 0xAD, 0x0A, 0x34, 
    0xAD, 0xA5, 0xE1, 0xA5, 0x2E, 0xE8, 0x20, 0x55, 0x6B, 0x55, 0xB8, 0x8F, 0x1D, 0x59, 0xB8, 0xA2, 
    0xBF, 0x95, 0x15, 0x07, 0xA1, 0xF0, 0x00, 0x00, 0x00, 0x00, 0x00, 0x00, 0xB3, 0xA6, 0x3D, 0x2A, 
    0x73, 0xFD, 0x4A, 0x52, 0x9C, 0xE9, 0xCE, 0x95, 0x6A, 0x1B, 0xEB, 0x88, 0xDB, 0x5B, 0x87, 0xBA, 
    0x7F, 0xBB, 0xB7, 0x0E, 0xA3, 0x6A, 0xD5, 0x67, 0xFD, 0x5D, 0xBE, 0xAE, 0x73, 0xB9, 0xF5, 0x69, 
    0xED, 0x3C, 0xD5, 0xEE, 0x69, 0x5A, 0xD3, 0x8D, 0x5A, 0xF3, 0x6E, 0x96, 0x0F, 0xBA, 0x14, 0x2B, 
    0x5D, 0x55, 0x85, 0x2A, 0x12, 0x71, 0x4D, 0x16, 0xD7, 0x4B, 0x94, 0x8D, 0xBA, 0x56, 0x51, 0xE5, 
    0x1A, 0xF9, 0x9C, 0x5F, 0x8A, 0x1D, 0xA4, 0x36, 0xBE, 0xC4, 0x95, 0xDD, 0x2F, 0x43, 0x94, 0x75, 
    0xAD, 0x5A, 0x3E, 0x19, 0x59, 0xB7, 0x3E, 0x56, 0xEC, 0xCB, 0xE9, 0xCF, 0xF9, 0x68, 0xE1, 0x7C, 
    0x52, 0xED, 0x21, 0xBA, 0xB7, 0xC4, 0xAE, 0xE9, 0xDA, 0x34, 0xAE, 0xE8, 0x5A, 0x45, 0x7C, 0x35, 
    0x84, 0x25, 0xCF, 0x22, 0xEC, 0x7E, 0x79, 0xFB, 0x3F, 0xAA, 0x2E, 0x41, 0x5E, 0xF8, 0xF8, 0x3D, 
    0xAF, 0x85, 0x54, 0xEA, 0x2D, 0xA1, 0xEE, 0xDF, 0x6F, 0x8C, 0xF8, 0xFC, 0x97, 0x16, 0x99, 0xD9, 
    0x84, 0xF3, 0xCB, 0x0B, 0x9C, 0xBF, 0x76, 0x5F, 0xBB, 0xF3, 0x8F, 0xC9, 0xB1, 0xEF, 0x8E, 0x22, 
    0x6E, 0xFE, 0x21, 0x6A, 0x3E, 0xEE, 0xDC, 0xFA, 0xA5, 0xDB, 0xF4, 0x84, 0xBA, 0xAD, 0xD8, 0x87, 
    0x82, 0xCD, 0x9F, 0xAB, 0x0F, 0xE6, 0xF3, 0x36, 0x8E, 0x0D, 0xF0, 0x6B, 0x5A, 0xE2, 0x5E, 0xA9, 
    0x6F, 0x26, 0x96, 0xE7, 0x8D, 0xA2, 0x62, 0xDF, 0x8F, 0xBA, 0x72, 0x65, 0x1F, 0xEB, 0x7A, 0x7D, 
    0x88, 0x7C, 0xAA, 0xFD, 0x3F, 0x65, 0xEB, 0xF0, 0x4F, 0x80, 0x3A, 0xB7, 0x10, 0x32, 0x2C, 0x6B, 
    0xDB, 0x8A, 0xC5, 0xDC, 0x5D, 0xBD, 0x19, 0xF5, 0x43, 0xD8, 0x9E, 0x5F, 0xD5, 0xF8, 0xAD, 0x7C, 
    0xFF, 0x00, 0x85, 0x33, 0x34, 0x7D, 0x1B, 0x4C, 0xD0, 0xB4, 0xFB, 0x3A, 0x66, 0x97, 0x87, 0x0C, 
    0x4C, 0x5C, 0x78, 0x74, 0x5B, 0xB5, 0x0A, 0x72, 0xA5, 0x28, 0xF2, 0xE9, 0x9D, 0x2B, 0x77, 0x97, 
    0xAB, 0xF4, 0x96, 0x52, 0x31, 0xDD, 0xF9, 0xC7, 0xF8, 0x7A, 0xF5, 0x66, 0xB1, 0xB2, 0xC2, 0xDB, 
    0xFD, 0x0F, 0x86, 0x96, 0x5D, 0xFD, 0x61, 0xE1, 0x0F, 0xE5, 0xE8, 0xD9, 0xB7, 0x1B, 0x76, 0xA1, 
    0x6E, 0x1E, 0xA8, 0x77, 0x32, 0x82, 0xE7, 0x96, 0x1C, 0x30, 0xDC, 0xA3, 0xE3, 0x1D, 0xFC, 0xC0, 
    0x1F, 0x40, 0x00, 0x0A, 0x55, 0x55, 0x2A, 0x0C, 0x15, 0x8F, 0x4D, 0x2A, 0x87, 0x7D, 0xAF, 0x75, 
    0xDF, 0x77, 0x6F, 0xDC, 0x0D, 0x12, 0x17, 0x3C, 0x1A, 0x6E, 0x0F, 0x55, 0x69, 0xF4, 0xEE, 0xCB, 
    0x9F, 0xFB, 0x42, 0x89, 0x81, 0x3B, 0x9C, 0xE3, 0x3A, 0xD7, 0xE2, 0x7C, 0xFC, 0xE3, 0x36, 0xB3, 
    0x2D, 0x7F, 0x8A, 0x3B, 0x8B, 0x3F, 0xAB, 0x9C, 0x61, 0x95, 0x2C, 0x78, 0x7E, 0xAB, 0x54, 0xF4, 
    0x5F, 0xC8, 0xAE, 0x76, 0x97, 0x75, 0xE8, 0xF8, 0xB8, 0x52, 0xFB, 0xF1, 0x59, 0x3B, 0x2C, 0xB2, 
    0xF4, 0x9C, 0xD4, 0xB5, 0xBF, 0xB7, 0x08, 0xFC, 0x9A, 0x58, 0x0D, 0x7A, 0x6C, 0xE0, 0x00, 0x00, 
    0x00, 0x00, 0x00, 0x00, 0x00, 0x00, 0x00, 0x00, 0x00, 0x00, 0x00, 0x00, 0x00, 0x00, 0x00, 0x00, 
    0x00, 0x00, 0x00, 0x00, 0x00, 0x00, 0x00, 0x00, 0x00, 0x00, 0x00, 0x00, 0x00, 0x00, 0x00, 0x00, 
    0x00, 0x00, 0x00, 0x00, 0x39, 0x84, 0x37, 0x91, 0x8E, 0xEF, 0x12, 0x9D, 0x50, 0xF3, 0x77, 0x92, 
    0x8C, 0xA7, 0xEA, 0x97, 0x27, 0xA5, 0xB7, 0x76, 0xA6, 0xE5, 0xDD, 0xB9, 0x34, 0xC3, 0xDA, 0xFA, 
    0x36, 0x5E, 0xA1, 0x77, 0xFC, 0xAB, 0x7C, 0xE3, 0x4F, 0xAD, 0x2F, 0x2C, 0x5D, 0xBF, 0x66, 0xF6, 
    0x43, 0xDC, 0xBA, 0x95, 0x61, 0x91, 0xBC, 0xF5, 0x6B, 0x5A, 0x6D, 0xAF, 0x6A, 0xC6, 0x2F, 0x4D, 
    0xDB, 0xBF, 0x8B, 0xD5, 0x1F, 0xCC, 0x92, 0xE3, 0x34, 0xD6, 0x43, 0x29, 0x37, 0x0D, 0xBD, 0x3D, 
    0xFE, 0xDF, 0x24, 0x5B, 0x2F, 0xAB, 0x71, 0x38, 0x69, 0x7F, 0xFA, 0x6A, 0xC2, 0x13, 0x74, 0xF3, 
    0xF8, 0x23, 0xEC, 0xA5, 0x73, 0xE4, 0xF3, 0x6F, 0xFB, 0x37, 0x81, 0x5C, 0x47, 0xDE, 0xD5, 0x85, 
    0xDD, 0x3B, 0x41, 0xB9, 0x89, 0x8B, 0x2F, 0x36, 0x4E, 0x7D, 0x7D, 0x0D, 0x3A, 0x7E, 0x68, 0x79, 
    0xAB, 0xF8, 0x52, 0xF7, 0x64, 0xF0, 0x43, 0x87, 0x9B, 0x23, 0xA2, 0xF6, 0x93, 0xB7, 0xED, 0x5C, 
    0xCC, 0x87, 0xF7, 0xAC, 0x9F, 0x7D, 0xBD, 0xF8, 0xA5, 0xEA, 0xFB, 0x1D, 0x06, 0xDD, 0xAF, 0x47, 
    0x4A, 0x52, 0x9C, 0xA9, 0x4F, 0x9A, 0x8B, 0x1B, 0x0F, 0xB3, 0x29, 0x64, 0xEF, 0xE4, 0x27, 0xFC, 
    0x21, 0xF3, 0x55, 0x39, 0x9D, 0xAE, 0x56, 0xA9, 0xEA, 0xB1, 0x94, 0xB8, 0x7F, 0xCA, 0x3F, 0x24, 
    0x79, 0xD9, 0x5D, 0x91, 0xF6, 0xA6, 0x99, 0x38, 0x66, 0x6F, 0x1D, 0x4E, 0xF6, 0xB1, 0x72, 0x3E, 
    0x29, 0x58, 0x85, 0x3D, 0x0E, 0x3F, 0xFD, 0xEB, 0xF8, 0x9D, 0xB7, 0x41, 0xDB, 0x1A, 0x06, 0xD9, 
    0xC1, 0x8E, 0x06, 0x85, 0xA4, 0xE2, 0xE0, 0x63, 0x5B, 0xF2, 0xC2, 0xC5, 0xA8, 0xD2, 0x2F, 0x6E, 
    0x94, 0x97, 0x4F, 0x7C, 0xBB, 0xD4, 0x94, 0x25, 0x28, 0xFA, 0xFB, 0xD6, 0x4D, 0x86, 0x17, 0x1F, 
    0x8E, 0x86, 0xEB, 0x6A, 0x70, 0x82, 0xAD, 0xC9, 0xE7, 0x32, 0x39, 0x79, 0xF8, 0xEE, 0xEB, 0x4D, 
    0x1F, 0xD3, 0xE0, 0xCA, 0xA7, 0xB4, 0xB8, 0x65, 0x98, 0xB0, 0x00, 0x00, 0x00, 0x00, 0x00, 0x00, 
    0x00, 0x01, 0x6C, 0xEB, 0x4A, 0x46, 0xBC, 0xFE, 0x23, 0x7E, 0xE1, 0x8A, 0x32, 0xEA, 0xE5, 0x5A, 
    0xBF, 0x2E, 0x66, 0x76, 0x26, 0x15, 0x89, 0xE4, 0xE6, 0xDD, 0x85, 0x8B, 0x56, 0xE3, 0xD5, 0x29, 
    0xDC, 0x9F, 0x2A, 0x52, 0x9F, 0x3B, 0x9F, 0x71, 0x2F, 0x8E, 0x7B, 0x33, 0x86, 0xD6, 0x25, 0x8D, 
    0x99, 0x95, 0xEE, 0xDD, 0x57, 0xA3, 0xAA, 0xD6, 0x06, 0x35, 0x7A, 0xAE, 0xFD, 0xBF, 0x26, 0x3F, 
    0x59, 0x11, 0xB8, 0x8F, 0xC6, 0x4D, 0xE7, 0xC4, 0xAC, 0x99, 0xC7, 0x57, 0xCC, 0x96, 0x3E, 0x9B, 
    0xCF, 0xDE, 0xF0, 0x6C, 0x4F, 0x95, 0xAA, 0x7D, 0x7F, 0x95, 0x5F, 0xAC, 0x86, 0x6A, 0x0D, 0x63, 
    0x65, 0x85, 0xEE, 0x4B, 0xDF, 0x9F, 0xA4, 0x3F, 0x74, 0xCF, 0x4D, 0xE8, 0x8C, 0x8E, 0xA0, 0x9B, 
    0x8F, 0x87, 0x82, 0x97, 0x58, 0xFE, 0xDD, 0x5D, 0xC3, 0x8A, 0x7D, 0xAA, 0xF0, 0x34, 0xFF, 0x00, 
    0x49, 0xA3, 0x70, 0xE2, 0xDC, 0x33, 0xB2, 0x29, 0xE1, 0x9E, 0xA5, 0x3F, 0xEA, 0x61, 0xF5, 0x29, 
    0xFD, 0xAF, 0xF0, 0xA3, 0x1E, 0xB5, 0xAE, 0xEA, 0xFB, 0x8F, 0x50, 0xBB, 0xAA, 0xEB, 0x7A, 0x8D, 
    0xDC, 0xDC, 0xCB, 0xBE, 0x7B, 0xD7, 0x2B, 0xCE, 0x5F, 0xFD, 0x63, 0xF4, 0x5F, 0x8A, 0x9D, 0x35, 
    0xF1, 0x51, 0x75, 0xBB, 0x37, 0xB2, 0x2E, 0x42, 0xCD, 0x9B, 0x32, 0xBB, 0x72, 0xE4, 0xFA, 0x69, 
    0x48, 0x43, 0x9C, 0xA5, 0x25, 0x2B, 0x98, 0xD4, 0x39, 0x0C, 0xF5, 0x5E, 0x1A, 0x91, 0xE5, 0xE5, 
    0x2C, 0x3C, 0x17, 0xFE, 0x07, 0x4A, 0x63, 0x34, 0xCD, 0x0E, 0x2A, 0x50, 0xEF, 0x79, 0xCF, 0x37, 
    0x8A, 0xCF, 0x5F, 0x99, 0x21, 0x78, 0x1B, 0xD9, 0xC7, 0x23, 0x5D, 0x96, 0x3E, 0xEB, 0xDF, 0x98, 
    0x72, 0xB5, 0xA7, 0xD6, 0x5D, 0x78, 0xBA, 0x7D, 0xCE, 0xEA, 0xDE, 0xF9, 0x32, 0x9F, 0xC5, 0x4F, 
    0xA3, 0xF0, 0xB6, 0x4E, 0x05, 0x76, 0x70, 0x86, 0x9D, 0x5B, 0x1B, 0xBF, 0x7F, 0x63, 0x75, 0x67, 
    0x78, 0x6E, 0xE2, 0xE0, 0xCF, 0xC5, 0x4C, 0x7F, 0xA5, 0x3F, 0x95, 0x3F, 0x9B, 0xD9, 0x49, 0x58, 
    0x42, 0x10, 0x84, 0x63, 0x0A, 0x72, 0xA5, 0x13, 0xED, 0x23, 0xA1, 0xB8, 0x38, 0x6F, 0x72, 0x50, 
    0xF7, 0x43, 0xE7, 0xF2, 0x56, 0x7A, 0xE7, 0x68, 0x7D, 0xB7, 0x15, 0x86, 0x2A, 0x6E, 0xEF, 0x9C, 
    0xDF, 0x2F, 0x9A, 0x96, 0x31, 0xED, 0xE3, 0x5A, 0x85, 0x9B, 0x36, 0xE3, 0x6E, 0xDC, 0x21, 0xD3, 
    0x48, 0x53, 0xD5, 0x47, 0xE8, 0x52, 0x9E, 0xA2, 0xB5, 0xAA, 0xDD, 0x96, 0x58, 0x4B, 0x0D, 0xD0, 
    0x53, 0x31, 0x8F, 0x17, 0x38, 0xAA, 0x03, 0xE8, 0x00, 0x00, 0x00, 0x00, 0x07, 0x8B, 0xB9, 0x35, 
    0x7B, 0x3A, 0x26, 0x87, 0xA8, 0x6A, 0x97, 0xAB, 0xEF, 0x78, 0x78, 0xF7, 0x6E, 0x4F, 0xEC, 0x8F, 
    0x37, 0xCD, 0x9C, 0x9B, 0xF7, 0x32, 0xB2, 0x2E, 0x65, 0x5E, 0x97, 0x3B, 0xB7, 0xEE, 0xCA, 0xEC, 
    0xAB, 0xF4, 0xA5, 0x2E, 0xA4, 0xE5, 0xED, 0x27, 0xAC, 0x7E, 0x89, 0xE1, 0x16, 0xB9, 0xD3, 0x73, 
    0xA2, 0xE6, 0x6D, 0x21, 0x85, 0x0F, 0xFD, 0xB3, 0xE9, 0x97, 0xE5, 0xE6, 0x82, 0xF4, 0xF3, 0x49, 
    0x48, 0xED, 0x42, 0xF3, 0x8E, 0xE2, 0x95, 0xBF, 0x48, 0x6F, 0xF8, 0xFF, 0x00, 0xC5, 0xF1, 0xB1, 
    0xEB, 0x1D, 0xD4, 0x2B, 0xDE, 0x4D, 0xE7, 0x1D, 0xDF, 0x0F, 0xFA, 0x00, 0xA8, 0x97, 0x68, 0x00, 
    0x00, 0x00, 0x00, 0x00, 0x00, 0x00, 0x00, 0x00, 0x00, 0x00, 0x00, 0x00, 0x00, 0x00, 0x00, 0x00, 
    0x00, 0x00, 0x00, 0x00, 0x00, 0x00, 0x00, 0x00, 0x00, 0x00, 0x00, 0x00, 0x00, 0x00, 0x00, 0x00, 
    0x03, 0x91, 0x4E, 0xA8, 0xCA, 0x5E, 0x15, 0x7C, 0x5E, 0xCA, 0xCF, 0x7B, 0x8C, 0xBA, 0x5B, 0x0E, 
    0xD6, 0xD8, 0x9B, 0xC7, 0x79, 0x5F, 0xF4, 0x3B, 0x67, 0x41, 0xCA, 0xCC, 0xA4, 0xBD, 0x77, 0xA9, 
    0x4E, 0x8B, 0x31, 0xFD, 0x77, 0x65, 0xE1, 0x7B, 0x6D, 0xAC, 0xEB, 0xDE, 0x4F, 0xD9, 0xD0, 0x93, 
    0x7C, 0x58, 0xFB, 0xBC, 0x8D, 0xAE, 0x3E, 0x9F, 0x6B, 0x71, 0x3F, 0x04, 0x3D, 0xAF, 0x07, 0x94, 
    0xA5, 0xE5, 0x9A, 0xB1, 0x86, 0x44, 0xEE, 0x42, 0xCD, 0xBB, 0x32, 0xB9, 0x72, 0x75, 0xE9, 0x8D, 
    0x23, 0x1E, 0xA9, 0x49, 0x23, 0xB6, 0x67, 0x63, 0xCD, 0x42, 0xFC, 0xAD, 0xE4, 0xEF, 0x9D, 0x6A, 
    0x36, 0x63, 0xE6, 0x96, 0x2E, 0x0F, 0x8E, 0x5F, 0x6D, 0xC9, 0x7F, 0xC4, 0x5D, 0xEF, 0x67, 0xF0, 
    0xA7, 0x63, 0x6C, 0x3B, 0x34, 0x96, 0xDE, 0xDB, 0xB8, 0x76, 0x72, 0x2B, 0x4F, 0x15, 0xF9, 0xC3, 
    0xAE, 0xF4, 0xBF, 0xF6, 0x4B, 0xC4, 0x9F, 0xE2, 0x36, 0x75, 0x7F, 0x77, 0xDF, 0xBA, 0xEE, 0x4B, 
    0xF9, 0xAB, 0x6C, 0xDE, 0xD4, 0xF1, 0xD6, 0x3E, 0xAE, 0xCF, 0xD6, 0xCD, 0xF0, 0x87, 0xC5, 0x10, 
    0x76, 0x4F, 0x67, 0x6E, 0x24, 0x6F, 0x49, 0xDB, 0xBB, 0x3D, 0x32, 0x3A, 0x36, 0x24, 0xFF, 0x00, 
    0xB6, 0xCF, 0xF0, 0x4B, 0xEC, 0xB7, 0xE6, 0x77, 0xAD, 0x9B, 0xD9, 0x43, 0x63, 0xE8, 0x7D, 0x19, 
    0x1B, 0x8A, 0xED, 0xED, 0x7F, 0x22, 0x94, 0xF2, 0xDC, 0x8F, 0xA3, 0xB3, 0xF8, 0x23, 0xFC, 0xD5, 
    0x77, 0x5A, 0xC2, 0xDC, 0x63, 0xDF, 0x1E, 0xEF, 0xD6, 0xAC, 0x63, 0x1E, 0x8E, 0xE8, 0xF7, 0x2C, 
    0x8C, 0x56, 0x86, 0xC5, 0x63, 0xBB, 0xD3, 0x4B, 0xC7, 0x37, 0xB7, 0xE4, 0xAA, 0x73, 0x3A, 0xFF, 
    0x00, 0x33, 0x96, 0xEE, 0xF6, 0x9C, 0x12, 0x74, 0x97, 0xE7, 0xE2, 0xFC, 0x1A, 0x56, 0x8D, 0xA6, 
    0x68, 0xD8, 0xD6, 0xF1, 0x74, 0xED, 0x3F, 0x1B, 0x12, 0xCD, 0xB8, 0xF8, 0x6D, 0xD9, 0xB5, 0x1B, 
    0x71, 0x8F, 0xD9, 0x17, 0xA9, 0xF1, 0x29, 0xD3, 0xCB, 0xBD, 0x5A, 0xD3, 0x92, 0x63, 0x4E, 0x9D, 
    0x3A, 0x52, 0xF0, 0xD3, 0x82, 0x13, 0x35, 0x49, 0xEA, 0x4D, 0xC5, 0x51, 0x70, 0x0E, 0xD0, 0x00, 
    0x00, 0x00, 0x00, 0x00, 0x00, 0x00, 0x00, 0x01, 0x67, 0x28, 0xFC, 0x4B, 0x2B, 0xDD, 0xEB, 0x5B, 
    0x7A, 0xEC, 0x23, 0x1E, 0xA9, 0xCF, 0xA6, 0x34, 0xF8, 0xDC, 0x2B, 0x8A, 0x7D, 0xA7, 0xB6, 0xF6, 
    0xD1, 0x95, 0xFD, 0x23, 0x6B, 0x7A, 0x2D, 0x5B, 0x52, 0x87, 0x86, 0x55, 0xA4, 0xFD, 0xE2, 0xCC, 
    0xBE, 0x9C, 0xBE, 0x1F, 0xD5, 0x16, 0x37, 0x25, 0x94, 0xB4, 0xC5, 0x53, 0xED, 0x2E, 0x67, 0xDD, 
    0x07, 0xBB, 0x1B, 0x8A, 0xBC, 0xCB, 0x57, 0xF4, 0x7B, 0x4A, 0x7C, 0x51, 0x75, 0xBD, 0xC7, 0xBB, 
    0x34, 0x1D, 0xA7, 0xA6, 0x5C, 0xD5, 0x77, 0x0E, 0xA5, 0x63, 0x03, 0x1A, 0xD7, 0x9A, 0xE5, 0xE9, 
    0xF4, 0xFE, 0xCF, 0x8E, 0xA8, 0xB7, 0xC5, 0x3E, 0xD5, 0x3A, 0xCE, 0xBF, 0x2B, 0xBA, 0x46, 0xC1, 
    0xA5, 0xDD, 0x2F, 0x0B, 0xC9, 0x3C, 0xDB, 0x9F, 0xFC, 0x8B, 0xBF, 0x56, 0x3F, 0xD9, 0x7F, 0x17, 
    0xD5, 0x71, 0xCD, 0xE1, 0xBD, 0x77, 0x3E, 0xFE, 0xD4, 0x67, 0xA9, 0xEE, 0x4D, 0x5E, 0x79, 0x77, 
    0x7D, 0x8B, 0x5E, 0xAB, 0x56, 0xBE, 0x68, 0xC7, 0xD5, 0x47, 0x8A, 0xA6, 0x35, 0x0E, 0xD0, 0x2E, 
    0x2F, 0x77, 0xD0, 0xB0, 0xEE, 0x49, 0xF9, 0xFF, 0x00, 0x0B, 0xE3, 0x4B, 0xEC, 0xCA, 0xDA, 0xC7, 
    0x86, 0xE7, 0x25, 0xEB, 0x27, 0xFB, 0xBE, 0x50, 0xF9, 0xAE, 0xB9, 0x76, 0xE5, 0xFB, 0x97, 0x2F, 
    0x5E, 0xBB, 0x2B, 0x97, 0x2E, 0xCB, 0xAA, 0x53, 0xBB, 0x5E, 0x72, 0x94, 0xBE, 0x7A, 0xAD, 0x3D, 
    0x6F, 0x43, 0x6D, 0x6D, 0xAD, 0x6B, 0x76, 0xEB, 0x16, 0x74, 0x4D, 0x07, 0x02, 0x79, 0x39, 0x99, 
    0x1E, 0x5A, 0x47, 0xCB, 0x08, 0xFC, 0xA9, 0xD7, 0xD9, 0x8F, 0xD2, 0x57, 0xB4, 0xA9, 0x57, 0xBE, 
    0xAD, 0xC1, 0x2F, 0x7A, 0x69, 0x96, 0x7D, 0x5A, 0xF6, 0xF8, 0xEA, 0x11, 0xAB, 0x57, 0xB9, 0x24, 
    0xAF, 0xCB, 0xA7, 0xE9, 0xBA, 0x86, 0xB1, 0x9F, 0x67, 0x4B, 0xD2, 0xB1, 0x6E, 0xE4, 0xE5, 0x65, 
    0x57, 0xA2, 0xCD, 0x9B, 0x30, 0xE7, 0x2A, 0xC9, 0x2F, 0xF8, 0x1B, 0xD9, 0xF7, 0x0B, 0x63, 0xD9, 
    0xB5, 0xB9, 0x37, 0x4D, 0xBB, 0x79, 0x5A, 0xED, 0x69, 0xD5, 0x08, 0xF4, 0xF5, 0xC3, 0x0F, 0xE8, 
    0xC7, 0xE3, 0xAF, 0xCF, 0xFB, 0x1B, 0x07, 0x05, 0xF8, 0x27, 0xA2, 0x70, 0xC7, 0x0A, 0x99, 0x99, 
    0x12, 0xB5, 0x99, 0xAE, 0xE4, 0x47, 0xA6, 0xFE, 0x5C, 0xA1, 0xE4, 0xFA, 0x10, 0xF9, 0x31, 0xFF, 
    0x00, 0x77, 0x58, 0xAC, 0x69, 0x1A, 0x2E, 0xFD, 0x23, 0xA2, 0x64, 0xC6, 0x4B, 0x0B, 0xBB, 0xBE, 
    0x75, 0x3A, 0x74, 0xFE, 0x5A, 0xF3, 0xAD, 0xB5, 0xFD, 0x6C, 0xCC, 0xD3, 0x59, 0x58, 0xF7, 0x68, 
    0xF5, 0xEB, 0xFC, 0x32, 0xD2, 0x94, 0xE5, 0xDC, 0xA8, 0x2C, 0xC5, 0x60, 0x00, 0x00, 0x00, 0x00, 
    0x00, 0x00, 0x00, 0x08, 0xCB, 0xDB, 0x2F, 0x5E, 0x8D, 0xBD, 0x2B, 0x41, 0xDB, 0xB6, 0xE5, 0xE3, 
    0xBF, 0x93, 0x77, 0x2A, 0x70, 0xF9, 0xA1, 0x0E, 0x54, 0xFC, 0xD3, 0x8A, 0x2B, 0x3B, 0x2F, 0x6B, 
    0x0D, 0x67, 0xF4, 0x87, 0x14, 0xAE, 0x69, 0xD1, 0xF2, 0x69, 0xD8, 0x76, 0xE1, 0xF7, 0xA5, 0x49, 
    0x4E, 0x5F, 0xEF, 0x07, 0x18, 0xA7, 0xC2, 0xD6, 0xAD, 0x71, 0x77, 0xE9, 0xB9, 0x9A, 0xBE, 0xCE, 
    0x5F, 0x06, 0xD4, 0x6C, 0xE6, 0xCB, 0xD0, 0xB0, 0x34, 0xBF, 0xCF, 0x9F, 0xC5, 0x70, 0x08, 0x4A, 
    0x7A, 0x00, 0x00, 0x00, 0x00, 0x00, 0x00, 0x00, 0x00, 0x00, 0x00, 0x00, 0x00, 0x00, 0x00, 0x00, 
    0x00, 0x00, 0x00, 0x00, 0x00, 0x00, 0x00, 0x00, 0x00, 0x00, 0x00, 0x00, 0x00, 0x00, 0x0E, 0x40, 
    0x07, 0x64, 0x25, 0x8C, 0x7C, 0x1F, 0x33, 0xCF, 0x09, 0x3C, 0x54, 0xA5, 0x79, 0xAB, 0xE5, 0x6D, 
    0x3B, 0x47, 0x85, 0xFB, 0xEB, 0x7D, 0x5D, 0x84, 0x76, 0xE6, 0x81, 0x7A, 0xE5, 0xA9, 0x7F, 0x79, 
    0xBD, 0x4F, 0x47, 0x66, 0x9F, 0x6C, 0xBF, 0x95, 0xDE, 0x36, 0x5F, 0x63, 0xCC, 0x2B, 0x31, 0xB7, 
    0x9D, 0xBF, 0x75, 0xDB, 0x99, 0x12, 0xA7, 0x9F, 0x0B, 0x0B, 0xC1, 0x6A, 0xBF, 0x5A, 0xE4, 0xBC, 
    0x7F, 0x87, 0xA1, 0x28, 0xC5, 0xE9, 0x2C, 0x9E, 0x52, 0x3B, 0xE9, 0x53, 0xEE, 0xF5, 0x8F, 0x28, 
    0x21, 0xD9, 0x9D, 0x71, 0x88, 0xC2, 0xC3, 0x86, 0xAD, 0x4E, 0x29, 0xBA, 0x43, 0x9C, 0x51, 0x8B, 
    0x17, 0x1F, 0x23, 0x51, 0xBF, 0x0C, 0x5C, 0x0C, 0x7B, 0xB9, 0x59, 0x13, 0xF2, 0x5A, 0xB3, 0x09, 
    0x4A, 0x72, 0xFB, 0xB1, 0x75, 0xAD, 0x95, 0xD9, 0x7F, 0x89, 0x3B, 0xA3, 0xD1, 0xE4, 0x6A, 0xB8, 
    0xB6, 0x74, 0x1C, 0x39, 0xFB, 0x79, 0x9E, 0x3B, 0xDF, 0xFE, 0xDC, 0x7F, 0x9B, 0xA5, 0x2D, 0xF6, 
    0xB7, 0x0F, 0x76, 0x86, 0xCA, 0xC7, 0xF4, 0x5B, 0x6F, 0x6F, 0xE2, 0xE0, 0xF3, 0xA7, 0x8E, 0xB6, 
    0xE1, 0xE3, 0xAF, 0xD6, 0xAF, 0x9A, 0x4D, 0x9A, 0xB0, 0x8D, 0x63, 0xCF, 0xD4, 0xB2, 0x71, 0x3B, 
    0x35, 0xA1, 0x47, 0xD6, 0x5F, 0xCF, 0xBF, 0xD9, 0x0F, 0x05, 0x53, 0x99, 0xDA, 0xC5, 0xE5, 0x7F, 
    0x55, 0x8D, 0x93, 0xB3, 0x97, 0xAC, 0x79, 0xC7, 0xE5, 0xFA, 0xB8, 0xCE, 0xCB, 0xEC, 0xB7, 0xC3, 
    0xED, 0xB5, 0x58, 0x64, 0x6A, 0x96, 0x67, 0xAE, 0x65, 0x43, 0xC5, 0xD5, 0x99, 0x1F, 0x7A, 0xEA, 
    0xF9, 0xAD, 0xF9, 0x7F, 0x6F, 0x37, 0x5F, 0xC4, 0xD3, 0xF1, 0x30, 0x6C, 0xC6, 0xC6, 0x36, 0x1D, 
    0xAB, 0x56, 0xE1, 0xEA, 0x8C, 0x23, 0xCA, 0x94, 0x7E, 0xCE, 0x71, 0x95, 0x3E, 0x35, 0x92, 0xE5, 
    0x4F, 0x87, 0xA5, 0x61, 0xD9, 0xE2, 0xAC, 0xF1, 0xF0, 0xE0, 0xB6, 0xA7, 0x08, 0x2B, 0x1B, 0xEC, 
    0xA5, 0xEE, 0x4E, 0x7E, 0xD2, 0xEA, 0xA4, 0xD3, 0xC5, 0x99, 0x42, 0x8A, 0xB2, 0x4F, 0x08, 0x00, 
    0x00, 0x00, 0x00, 0x00, 0x00, 0x00, 0x00, 0x00, 0x00, 0x2D, 0x8A, 0xDA, 0xD7, 0x95, 0x39, 0x2E, 
    0xF5, 0xFA, 0xA8, 0xF3, 0xB5, 0x2D, 0x57, 0x4E, 0xD1, 0xB1, 0x2E, 0xE6, 0xEA, 0x59, 0x56, 0x71, 
    0xF1, 0xEC, 0xC3, 0xAA, 0xE5, 0xDB, 0xD3, 0xE8, 0x8C, 0x63, 0xF3, 0xD6, 0x4E, 0xAA, 0x95, 0x25, 
    0xA5, 0x2F, 0x1D, 0x47, 0x32, 0xC9, 0x34, 0xF1, 0xE1, 0x91, 0xFB, 0x63, 0x3E, 0xFA, 0x78, 0x5A, 
    0x4F, 0x10, 0x78, 0xA9, 0xB5, 0x38, 0x6D, 0x85, 0xEE, 0x9D, 0x7F, 0x50, 0xB7, 0x4B, 0xD3, 0xA7, 
    0xBC, 0xE2, 0xC2, 0x5C, 0xEF, 0x5E, 0xFD, 0x50, 0xFF, 0x00, 0x97, 0x13, 0xE2, 0x97, 0x6B, 0x08, 
    0x46, 0x97, 0xB4, 0x7E, 0x1B, 0x46, 0x32, 0xAD, 0x7C, 0x33, 0xD5, 0x2F, 0x53, 0xAA, 0x11, 0xFA, 
    0x90, 0xF6, 0xBF, 0x5D, 0x51, 0xB3, 0x55, 0xD5, 0x75, 0x3D, 0x6B, 0x3E, 0xEE, 0xA9, 0xAB, 0xEA, 
    0x57, 0xF3, 0x32, 0x6F, 0x57, 0xAA, 0xE5, 0xEB, 0xD5, 0xE7, 0x5A, 0xAB, 0x6D, 0x43, 0xB4, 0x1B, 
    0x7B, 0x1D, 0xF4, 0x2C, 0x7B, 0xF3, 0xF5, 0xF2, 0xFE, 0x56, 0x86, 0x97, 0xD9, 0xA5, 0xE6, 0x53, 
    0x86, 0xE3, 0x21, 0xEA, 0xE9, 0x74, 0xF3, 0x8F, 0xC9, 0xD2, 0x38, 0x9B, 0xDA, 0x0B, 0x78, 0x71, 
    0x02, 0xB7, 0x30, 0x31, 0x6E, 0xCB, 0x4A, 0xD2, 0x6B, 0xE1, 0xF7, 0x35, 0x9A, 0xFB, 0xED, 0xC8, 
    0xFD, 0x3B, 0x9F, 0xCB, 0x1E, 0xE7, 0x2D, 0x8C, 0xB9, 0xFC, 0x0B, 0xB9, 0xFC, 0xE2, 0x99, 0xC8, 
    0xE5, 0xEE, 0xB2, 0xB5, 0x7B, 0x5B, 0x99, 0xB7, 0xC5, 0x7D, 0x61, 0xF0, 0x76, 0x38, 0x4A, 0x5D, 
    0x8D, 0xA5, 0x3D, 0xD0, 0x23, 0x25, 0x2B, 0xD3, 0xF0, 0xAB, 0x1E, 0xFE, 0x4D, 0xD7, 0x85, 0xBC, 
    0x27, 0xDC, 0x1C, 0x50, 0xD6, 0x29, 0x87, 0xA7, 0xC7, 0xD0, 0xE9, 0xF6, 0x65, 0xFF, 0x00, 0x95, 
    0x9B, 0x58, 0xF8, 0x61, 0xF4, 0x63, 0xF2, 0xA5, 0xF3, 0x3E, 0x31, 0xF8, 0xFA, 0xF9, 0x1A, 0xF0, 
    0xA1, 0x6F, 0x0D, 0xF1, 0x8B, 0xBF, 0x27, 0x94, 0xB6, 0xC3, 0xDB, 0xC6, 0xE6, 0xEA, 0x6D, 0xD2, 
    0xC1, 0xE4, 0xEC, 0x4D, 0x83, 0xB8, 0x78, 0x89, 0xAE, 0x43, 0x46, 0xD0, 0x31, 0xBA, 0xAB, 0x1E, 
    0xFB, 0xD7, 0xEB, 0xE4, 0xB3, 0x4F, 0x8E, 0xB5, 0x4D, 0xCE, 0x17, 0xF0, 0xA3, 0x6E, 0xF0, 0xC3, 
    0x49, 0xAE, 0x16, 0x95, 0x6A, 0x97, 0xB3, 0x6E, 0xC2, 0x1E, 0xEA, 0xCB, 0x9D, 0x3C, 0x77, 0xA5, 
    0xFF, 0x00, 0x14, 0xF8, 0xA8, 0xF6, 0xB6, 0x2E, 0xC1, 0xDB, 0x9C, 0x3D, 0xD1, 0x2D, 0xE8, 0xFB, 
    0x77, 0x16, 0x36, 0xAD, 0xF9, 0xAE, 0x5C, 0xAD, 0x3A, 0xA7, 0x72, 0x7F, 0x2E, 0x52, 0xF6, 0xA4, 
    0xDA, 0x3A, 0x79, 0xC7, 0xA6, 0x52, 0x5F, 0xBA, 0x5B, 0x47, 0xD0, 0xC2, 0x49, 0xDB, 0x56, 0xE7, 
    0x57, 0xF4, 0xF7, 0x35, 0xA3, 0x58, 0xEB, 0x6B, 0xBD, 0x49, 0x57, 0xB3, 0xA5, 0xDC, 0xA3, 0x0F, 
    0x2E, 0xBE, 0xF6, 0x48, 0xAE, 0x04, 0xE9, 0x04, 0x00, 0x00, 0x00, 0x00, 0x00, 0x00, 0x00, 0x05, 
    0xB4, 0xEE, 0xE6, 0xB2, 0x55, 0x8C, 0x21, 0x29, 0xFC, 0x54, 0x5D, 0x5A, 0xF3, 0xAB, 0x5B, 0xDF, 
    0x5A, 0xCF, 0xF4, 0x77, 0x69, 0x6A, 0x9A, 0xDC, 0xEB, 0xCB, 0xDC, 0x78, 0x97, 0xEF, 0xFD, 0xB1, 
    0x84, 0xB9, 0x3C, 0xF7, 0x35, 0x65, 0xA3, 0x4A, 0x6A, 0xB1, 0xF2, 0x7D, 0xD1, 0x92, 0x6A, 0xB5, 
    0x65, 0xA5, 0x2F, 0x9A, 0x04, 0xF1, 0x3B, 0x5A, 0x96, 0xE2, 0xE2, 0x2E, 0xBF, 0xAB, 0xFA, 0x4E, 
    0xBA, 0x5E, 0xD4, 0x2E, 0xDB, 0xB7, 0xF5, 0x21, 0x2E, 0x88, 0xFE, 0x58, 0xB5, 0x9A, 0x47, 0xD6, 
    0xA7, 0x55, 0xCB, 0x93, 0x95, 0xCB, 0xD2, 0xEB, 0xB9, 0x2F, 0x14, 0xBE, 0xB2, 0xD8, 0xF9, 0x1A, 
    0xA1, 0x91, 0xBA, 0x8D, 0xD5, 0xD5, 0x4A, 0xB1, 0xF3, 0x8E, 0xF6, 0xE7, 0xE2, 0xAD, 0x65, 0xB2, 
    0xB3, 0xA5, 0x46, 0x1E, 0x52, 0xC2, 0x0B, 0xC0, 0x62, 0xD9, 0x30, 0x00, 0x00, 0x00, 0x00, 0x00, 
    0x00, 0x00, 0x00, 0x00, 0x00, 0x00, 0x00, 0x00, 0x00, 0x00, 0x00, 0x00, 0x00, 0x00, 0x00, 0x00, 
    0x00, 0x00, 0x00, 0x00, 0x00, 0x72, 0x29, 0xD3, 0xF2, 0x7B, 0x96, 0xCB, 0xD3, 0x7C, 0xAE, 0x6B, 
    0xA5, 0xF4, 0x5B, 0xC6, 0xCD, 0xE0, 0xC7, 0x12, 0x77, 0xB4, 0xA1, 0x3D, 0x1F, 0x44, 0xBF, 0x67, 
    0x16, 0x5E, 0xBC, 0x8C, 0xBF, 0x79, 0x87, 0xD9, 0xCF, 0xC5, 0x2F, 0xBA, 0xCA, 0x59, 0x63, 0x6E, 
    0xEF, 0xE6, 0xE0, 0xB7, 0xA7, 0xBE, 0x2C, 0x56, 0x47, 0x2D, 0x67, 0x8C, 0xA7, 0xC7, 0x75, 0x52, 
    0x58, 0x43, 0xDA, 0xD1, 0xE9, 0x59, 0x79, 0xA5, 0xE0, 0x7E, 0x9D, 0x3B, 0x4C, 0xD5, 0x35, 0x9C, 
    0xBA, 0x60, 0xE9, 0x3A, 0x6E, 0x46, 0x6E, 0x45, 0x7D, 0x56, 0x6C, 0x5B, 0x94, 0xE5, 0xF9, 0x52, 
    0x9F, 0x67, 0x76, 0x42, 0xD0, 0xB0, 0x25, 0x6F, 0x33, 0x79, 0xEA, 0xF7, 0x35, 0x39, 0xF2, 0xF1, 
    0x63, 0x58, 0xA7, 0xA1, 0xB3, 0xFF, 0x00, 0x6A, 0xFE, 0xE7, 0x72, 0xDB, 0x9B, 0x33, 0x6C, 0xED, 
    0x5C, 0x3F, 0x71, 0x6D, 0xDD, 0x1F, 0x17, 0x06, 0xCD, 0x3D, 0x9B, 0x36, 0xBA, 0x79, 0xFE, 0xBF, 
    0x8D, 0x60, 0x62, 0x76, 0x6D, 0x79, 0x75, 0xDF, 0xBD, 0x8F, 0x04, 0xBF, 0x18, 0xAA, 0xFC, 0xCE, 
    0xD6, 0x2C, 0xED, 0xBD, 0x5E, 0x3A, 0x4E, 0x38, 0xFC, 0x21, 0xF3, 0x44, 0x8D, 0x9B, 0xD9, 0x4B, 
    0x88, 0x1A, 0xED, 0x6D, 0xDF, 0xDC, 0x77, 0x2D, 0x68, 0x78, 0xB3, 0xF6, 0x2B, 0x28, 0xDE, 0xC8, 
    0xFD, 0x91, 0xF0, 0xC7, 0xF1, 0x3B, 0xE6, 0xCA, 0xEC, 0xE1, 0xC3, 0x7D, 0xA1, 0xE8, 0xF2, 0x2F, 
    0x69, 0x5F, 0xA5, 0x73, 0x23, 0xFD, 0xE3, 0x3B, 0xDF, 0x25, 0x1F, 0xD5, 0x4F, 0x2C, 0x5D, 0x5F, 
    0xD7, 0x1F, 0x92, 0x74, 0xF3, 0xF5, 0x2C, 0xAC, 0x5E, 0x8F, 0xC5, 0xE2, 0xB9, 0xC9, 0x4F, 0x7C, 
    0xDD, 0x63, 0xCD, 0x54, 0xE6, 0x35, 0xB6, 0x63, 0x31, 0x1D, 0xD5, 0x6A, 0xEE, 0x97, 0xA4, 0x39, 
    0x29, 0x66, 0xC5, 0xAB, 0x10, 0xA4, 0x2C, 0xDA, 0xB7, 0x08, 0xC7, 0xD5, 0x4A, 0x51, 0x97, 0xA7, 
    0xE7, 0x54, 0xAD, 0x6A, 0x95, 0x4B, 0x24, 0x24, 0x86, 0xE8, 0x22, 0xB1, 0x8F, 0x17, 0x38, 0xAA, 
    0x03, 0xE8, 0x00, 0x00, 0x00, 0x00, 0x00, 0x00, 0x00, 0x00, 0x00, 0x00, 0x00, 0x16, 0x56, 0x60, 
    0xB3, 0x97, 0xCC, 0xA5, 0xD9, 0x47, 0xA5, 0xAE, 0xEE, 0xED, 0xF3, 0xB6, 0xF6, 0x3E, 0x9D, 0x3D, 
    0x4F, 0x70, 0xEA, 0xB6, 0xB1, 0x31, 0xA3, 0xE5, 0xAC, 0xE5, 0xE2, 0x9C, 0xBE, 0x2A, 0x53, 0xCD, 
    0x59, 0x22, 0x9F, 0x14, 0xFB, 0x4F, 0xEE, 0x7D, 0xD1, 0x2B, 0xBA, 0x66, 0xC9, 0xAD, 0xFD, 0x1B, 
    0x4D, 0xAF, 0x86, 0xB7, 0xBF, 0xBC, 0x5E, 0x8F, 0xFF, 0x00, 0xC5, 0x1F, 0xD5, 0xE2, 0x47, 0x33, 
    0x5A, 0x9A, 0xC7, 0x09, 0x27, 0xAE, 0x9F, 0xBD, 0xD3, 0xCD, 0x21, 0xC1, 0x69, 0x6C, 0x8E, 0xA1, 
    0xAB, 0xC3, 0x6D, 0x27, 0x77, 0xEF, 0x47, 0xC1, 0xDD, 0xF8, 0xA5, 0xDA, 0x03, 0x67, 0x70, 0xEA, 
    0x37, 0x30, 0xED, 0xDE, 0x96, 0xA9, 0xAB, 0xC6, 0x3E, 0x1C, 0x3B, 0x13, 0xF1, 0x5B, 0xFA, 0xF5, 
    0xF6, 0x7F, 0x89, 0x11, 0x78, 0x8D, 0xC5, 0x7D, 0xE3, 0xC4, 0x5C, 0xAF, 0x74, 0x6E, 0x1D, 0x42, 
    0x5E, 0xE5, 0x84, 0xBA, 0xAC, 0xE1, 0x59, 0x97, 0x2B, 0x36, 0xBE, 0xCF, 0x6A, 0x5F, 0x4A, 0x4D, 
    0x52, 0x77, 0x65, 0x59, 0xCE, 0xE4, 0xA5, 0x29, 0xD6, 0xE7, 0x8A, 0x53, 0x91, 0x29, 0x46, 0x31, 
    0xEE, 0x8F, 0x52, 0x91, 0xCF, 0xEB, 0x2B, 0xDC, 0xDC, 0x78, 0x3E, 0xA5, 0x3E, 0x90, 0xFD, 0xDB, 
    0x09, 0xA6, 0x74, 0x0D, 0x86, 0x06, 0x58, 0x55, 0x9E, 0x1D, 0xA5, 0x5E, 0xB1, 0xFD, 0xBA, 0x00, 
    0x21, 0x2B, 0x02, 0x10, 0xDC, 0xA4, 0x67, 0xD1, 0xE1, 0x97, 0xAC, 0x8D, 0x23, 0x1E, 0x72, 0x94, 
    0x8A, 0x4E, 0x34, 0xA5, 0x23, 0x39, 0x77, 0xFE, 0xA7, 0x69, 0xE0, 0x87, 0x67, 0xDC, 0xFD, 0xF1, 
    0x76, 0xCE, 0xE4, 0xDD, 0x76, 0xEE, 0xE3, 0x68, 0x31, 0xF1, 0x59, 0xB7, 0xD3, 0xD3, 0x3C, 0xCF, 
    0xFF, 0x00, 0x16, 0xBE, 0x7F, 0x6B, 0xE0, 0x65, 0xF0, 0xF8, 0x6B, 0x9C, 0xCD, 0x7E, 0xC6, 0xDE, 
    0x1C, 0xD1, 0xFC, 0xEE, 0x7E, 0xD3, 0x01, 0x6F, 0x1B, 0x9B, 0x98, 0xEE, 0x87, 0xEB, 0xEE, 0x78, 
    0x9C, 0x1C, 0xE0, 0x8E, 0xB9, 0xC4, 0xEC, 0xE8, 0xE7, 0x64, 0xD2, 0xEE, 0x16, 0xDF, 0xB5, 0x2F, 
    0x7C, 0xCA, 0xF6, 0xAF, 0x7D, 0x08, 0x7F, 0xDB, 0xE0, 0x4D, 0x6D, 0xB7, 0xB7, 0x34, 0x6D, 0xA3, 
    0xA3, 0xE3, 0x68, 0x5A, 0x26, 0x24, 0x31, 0xB0, 0xF1, 0x61, 0xD3, 0x6E, 0xDD, 0xBF, 0x0F, 0xFF, 
    0x00, 0xED, 0x5F, 0xAF, 0x4E, 0xD3, 0x30, 0x34, 0xAC, 0x1B, 0x3A, 0x7E, 0x9B, 0x8B, 0x0C, 0x5B, 
    0x16, 0x29, 0x18, 0x5B, 0xB7, 0x18, 0xF2, 0xA5, 0x23, 0xF1, 0x51, 0xFB, 0x6B, 0xD5, 0xCE, 0xB4, 
    0x8C, 0xBF, 0x73, 0x61, 0xF4, 0xDE, 0x98, 0xB6, 0xC0, 0xD1, 0xEE, 0x73, 0x9E, 0x3E, 0x31, 0x6B, 
    0x0E, 0xA7, 0xD5, 0x97, 0x9A, 0x96, 0xE3, 0x8E, 0xAF, 0x2A, 0x70, 0xFA, 0xB2, 0xFF, 0x00, 0xBE, 
    0x6C, 0xDD, 0x3F, 0x3A, 0xE5, 0x15, 0x4A, 0x51, 0x80, 0x00, 0x00, 0x00, 0x00, 0x00, 0x00, 0x00, 
    0x00, 0x06, 0x3A, 0x47, 0x93, 0x8E, 0xF6, 0xA7, 0xD7, 0x2D, 0xE9, 0x1C, 0x25, 0xCF, 0xC0, 0xEA, 
    0xF7, 0xCD, 0x56, 0xF5, 0xAC, 0x48, 0x7D, 0xE9, 0xF3, 0x97, 0xE5, 0xA4, 0x9D, 0x8A, 0x75, 0xEE, 
    0x45, 0xBE, 0xD9, 0x7A, 0xD7, 0x4C, 0xB6, 0xE6, 0x85, 0x09, 0xF8, 0x6B, 0x5B, 0xD9, 0x97, 0x23, 
    0xFB, 0x23, 0x1F, 0xE2, 0x92, 0x33, 0xAB, 0xAF, 0x3D, 0x0B, 0x0F, 0x5E, 0x7F, 0x66, 0xEF, 0x8F, 
    0x24, 0x93, 0x47, 0x59, 0x7A, 0x7E, 0x6E, 0xDE, 0x8F, 0xF9, 0x6F, 0xF8, 0x73, 0x46, 0x40, 0x1A, 
    0xB7, 0x16, 0xE0, 0xC2, 0x1B, 0xA1, 0xB8, 0x01, 0xC0, 0x00, 0x00, 0x00, 0x00, 0x00, 0x00, 0x00, 
    0x00, 0x00, 0x00, 0x00, 0x00, 0x00, 0x00, 0x00, 0x00, 0x00, 0x00, 0x00, 0x00, 0x00, 0x00, 0x00, 
    0x11, 0x87, 0x5C, 0xA1, 0x6E, 0x96, 0xE5, 0xCE, 0x5E, 0xAA, 0x51, 0xDF, 0x4E, 0x9C, 0xD5, 0x66, 
    0xE1, 0x96, 0x0E, 0xBA, 0x95, 0x64, 0xA5, 0x2F, 0x14, 0xF1, 0x53, 0xCF, 0x4F, 0x8C, 0xE9, 0xE7, 
    0xE4, 0x97, 0x27, 0x48, 0xD9, 0xBC, 0x01, 0xE2, 0x5E, 0xF2, 0x95, 0xBB, 0xB6, 0x74, 0x6F, 0xD1, 
    0xB8, 0xB2, 0xFE, 0xF3, 0x9F, 0xE0, 0x97, 0x4F, 0xCD, 0x0F, 0x35, 0x5D, 0xE3, 0x66, 0x76, 0x46, 
    0xD9, 0xBA, 0x45, 0x6D, 0xE6, 0x6E, 0xAC, 0xFB, 0xDA, 0xED, 0xE8, 0xC7, 0xFA, 0xAA, 0xFB, 0xCE, 
    0x3D, 0x3E, 0xEC, 0x7B, 0xE5, 0xF7, 0xA4, 0x97, 0x62, 0xB4, 0x66, 0x57, 0x27, 0xCE, 0x14, 0xF8, 
    0x25, 0xEB, 0x1E, 0x48, 0x36, 0x67, 0x68, 0x18, 0x6C, 0x47, 0x77, 0xB4, 0xE3, 0x9F, 0xA4, 0x39, 
    0xFF, 0x00, 0x08, 0xA1, 0xA2, 0xED, 0xAD, 0x6F, 0x73, 0xE5, 0x7B, 0x8B, 0x40, 0xD2, 0x32, 0xB5, 
    0x1B, 0xDF, 0x15, 0x8B, 0x72, 0xAF, 0x4F, 0xD6, 0xF9, 0x2E, 0xD9, 0xB2, 0xFB, 0x22, 0x6E, 0xDD, 
    0x5B, 0xA3, 0x27, 0x76, 0xEA, 0x76, 0x74, 0x5C, 0x79, 0x78, 0xBD, 0x05, 0x8F, 0x7F, 0xBD, 0xF8, 
    0xBC, 0xB1, 0xFC, 0xC9, 0x5B, 0xA3, 0xED, 0xED, 0x17, 0x40, 0xC4, 0x86, 0x2E, 0x8F, 0xA5, 0x63, 
    0xE1, 0x59, 0x8F, 0x92, 0x16, 0x21, 0x48, 0x47, 0xF2, 0xBD, 0x19, 0x47, 0xC1, 0xD3, 0x5E, 0xE5, 
    0x99, 0x89, 0xD9, 0xC5, 0x8D, 0xAF, 0x7E, 0xF6, 0x3D, 0xA4, 0xDF, 0x08, 0x2A, 0x6C, 0xD6, 0xD4, 
    0xF2, 0x77, 0xBD, 0xCB, 0x28, 0x76, 0x72, 0xFC, 0x63, 0xF2, 0x73, 0x8D, 0x93, 0xC0, 0x6E, 0x1E, 
    0xEC, 0x89, 0x42, 0xFE, 0x06, 0x83, 0x0C, 0x9C, 0xA8, 0x7F, 0x7A, 0xCB, 0xAF, 0xA5, 0xBB, 0xF9, 
    0xBB, 0xA3, 0xF7, 0x5D, 0x22, 0xDD, 0xB8, 0xDA, 0x8F, 0x86, 0x14, 0x82, 0x96, 0xFA, 0x6B, 0xEC, 
    0xB3, 0x7A, 0xA9, 0xDC, 0x9F, 0x5A, 0xD8, 0x5B, 0xD9, 0x53, 0xEC, 0xAD, 0xE4, 0xDD, 0x05, 0x71, 
    0x75, 0x7D, 0x73, 0x7F, 0x53, 0xB5, 0xB8, 0xA9, 0x19, 0xE3, 0xED, 0x3A, 0x39, 0x77, 0xAB, 0x1F, 
    0x55, 0x17, 0x0F, 0x63, 0xCE, 0x00, 0x00, 0x00, 0x00, 0x00, 0x00, 0x00, 0x00, 0x00, 0x00, 0x00, 
    0x00, 0x00, 0x0C, 0x7C, 0xA9, 0x5E, 0xF2, 0xB2, 0xF9, 0x5C, 0x96, 0x52, 0x5C, 0xE9, 0x49, 0x73, 
    0x73, 0xEE, 0x24, 0x71, 0x8F, 0x69, 0x70, 0xD7, 0x1F, 0xAB, 0x57, 0xCD, 0x8D, 0xEC, 0xDB, 0xB0, 
    0xEA, 0xB5, 0x87, 0x6A, 0xBD, 0x57, 0xA7, 0xF7, 0x3E, 0x0A, 0x7C, 0xF5, 0x79, 0x2E, 0xEF, 0x68, 
    0x59, 0x53, 0xED, 0x6B, 0xCD, 0xBA, 0x0E, 0xDB, 0x5B, 0x4B, 0x8B, 0xDA, 0xB0, 0xA3, 0x6F, 0x27, 
    0x14, 0xD1, 0x6F, 0x99, 0x39, 0x16, 0x31, 0x2C, 0xFA, 0x4C, 0x89, 0xC6, 0x10, 0xA7, 0x8A, 0xB5, 
    0x93, 0x80, 0xF1, 0x47, 0xB5, 0x2E, 0x8F, 0xB7, 0xEB, 0x77, 0x47, 0xD8, 0xF5, 0xA6, 0xAB, 0x9F, 
    0x1F, 0x0C, 0xF2, 0x7F, 0xBB, 0xD9, 0x97, 0xF3, 0xD7, 0xEA, 0xF7, 0x38, 0x5F, 0x13, 0x38, 0xF3, 
    0xBB, 0xF8, 0x99, 0x76, 0xE6, 0x24, 0xAF, 0x7E, 0x8D, 0xD2, 0x39, 0xF8, 0x30, 0xAC, 0x57, 0xCD, 
    0xFE, 0xAC, 0xFD, 0xAF, 0xE1, 0x73, 0x9A, 0xC7, 0xC3, 0xD5, 0x4F, 0x5A, 0xA3, 0xD4, 0x7B, 0x44, 
    0x9A, 0x68, 0x46, 0xDF, 0x1B, 0xCB, 0xFC, 0xBE, 0x4B, 0xAF, 0x4B, 0xEC, 0xB7, 0x7F, 0x0D, 0xD6, 
    0x5F, 0xC7, 0xEE, 0x7C, 0xDE, 0x96, 0xE6, 0xDD, 0x1A, 0xFE, 0xEB, 0xD4, 0x6B, 0xAA, 0x6E, 0x2D, 
    0x4E, 0xEE, 0x6E, 0x4C, 0xFE, 0x19, 0xD7, 0xC1, 0x6A, 0x9F, 0x26, 0x30, 0xF2, 0xD2, 0x8F, 0x3A, 
    0x5D, 0xF4, 0xEF, 0x39, 0xFB, 0x47, 0x99, 0x54, 0xDC, 0x5D, 0x55, 0xBB, 0x9F, 0xB5, 0xAD, 0x36, 
    0xF9, 0x97, 0x4D, 0xA5, 0x9D, 0x0B, 0x1A, 0x50, 0xA5, 0x42, 0x5E, 0x19, 0x60, 0x00, 0xF1, 0x3D, 
    0x85, 0x6B, 0xC9, 0x4A, 0xF9, 0x7B, 0x99, 0x2C, 0xD9, 0xB9, 0x95, 0x91, 0x0C, 0x3C, 0x6B, 0x37, 
    0x6F, 0x5E, 0xBB, 0x58, 0xC6, 0xDD, 0xAB, 0x71, 0xE7, 0x29, 0x4B, 0xE4, 0xC6, 0x29, 0x59, 0xC0, 
    0x8E, 0xCE, 0x76, 0x34, 0x09, 0x63, 0xEE, 0xED, 0xED, 0x8F, 0x6A, 0xF6, 0xA3, 0xFD, 0x66, 0x36, 
    0x25, 0x7C, 0x76, 0xB1, 0xBE, 0x95, 0x7E, 0x54, 0xFF, 0x00, 0xD9, 0x28, 0xD3, 0xFA, 0x72, 0xEB, 
    0x3D, 0x5F, 0x82, 0x94, 0x3B, 0xBE, 0x71, 0xE8, 0x88, 0xEA, 0x7D, 0x57, 0x69, 0xA6, 0xAD, 0xFB, 
    0x4A, 0xDF, 0x5F, 0xCA, 0x5E, 0xAD, 0x6F, 0x82, 0x1D, 0x9C, 0x6E, 0x67, 0xFA, 0x2D, 0xD9, 0xC4, 
    0x1C, 0x3E, 0x8B, 0x1E, 0x1B, 0x98, 0xDA, 0x74, 0xE3, 0xE7, 0xFA, 0x77, 0xA3, 0xF1, 0x7D, 0x0F, 
    0xC4, 0x95, 0x76, 0x6C, 0x5A, 0xC7, 0xB5, 0x4B, 0x56, 0xAD, 0xC6, 0xDC, 0x6D, 0xFC, 0x5E, 0xCB, 
    0x34, 0x6D, 0xF4, 0xC6, 0x91, 0xAD, 0x0E, 0x5C, 0xA1, 0x5E, 0x51, 0xE4, 0xD8, 0x5C, 0x1E, 0x0E, 
    0xDB, 0x09, 0x47, 0xB1, 0xB7, 0x87, 0xBE, 0x3D, 0x5A, 0xC3, 0x9D, 0xCF, 0x5E, 0x6A, 0x0B, 0x9F, 
    0x48, 0xBA, 0x9B, 0xDD, 0x0F, 0x28, 0x32, 0xC7, 0xD4, 0xAA, 0xA3, 0x3A, 0xC3, 0x00, 0x00, 0x00, 
    0x00, 0x00, 0x00, 0x00, 0x00, 0x00, 0x00, 0x03, 0xF3, 0xCE, 0x31, 0xA5, 0x6B, 0x29, 0x7C, 0x08, 
    0x3B, 0xDA, 0x8F, 0x5A, 0xFD, 0x33, 0xC5, 0x8C, 0xEC, 0x68, 0x4B, 0x9D, 0xBD, 0x33, 0x1B, 0x1F, 
    0x16, 0x9F, 0x5B, 0xFA, 0xDA, 0xFF, 0x00, 0x1A, 0x70, 0x64, 0x74, 0xC6, 0xD5, 0xCB, 0x92, 0xF5, 
    0x52, 0x35, 0x7C, 0xDF, 0xDE, 0xDA, 0xCD, 0xCD, 0x7B, 0x78, 0x6B, 0x5A, 0xCD, 0xC9, 0x4A, 0x75, 
    0xCB, 0xCD, 0xBD, 0x38, 0xFD, 0x4E, 0x7E, 0x0F, 0xCB, 0xD2, 0xAC, 0xB6, 0x9B, 0x77, 0xD9, 0x63, 
    0xA9, 0xDB, 0xC3, 0xED, 0x47, 0xF4, 0x5A, 0x7B, 0x27, 0xB0, 0xED, 0xF2, 0xD3, 0x5C, 0x7F, 0x6E, 
    0x1F, 0xAF, 0xFB, 0x17, 0x8C, 0x02, 0x81, 0x6C, 0x90, 0x00, 0x00, 0x00, 0x00, 0x00, 0x00, 0x00, 
    0x00, 0x00, 0x00, 0x00, 0x00, 0x00, 0x00, 0x00, 0x00, 0x00, 0x00, 0x00, 0x00, 0x00, 0x00, 0x1E, 
    0xA5, 0xD8, 0xB8, 0xD9, 0x19, 0xF9, 0x36, 0xF0, 0xF0, 0xF1, 0xEE, 0xDF, 0xC8, 0xBF, 0x38, 0xDA, 
    0xB5, 0x6A, 0xD5, 0x3A, 0xA5, 0x29, 0x7C, 0x98, 0xD1, 0x8B, 0x97, 0x44, 0xBA, 0xBA, 0xB9, 0xD1, 
    0x27, 0xBB, 0x25, 0xF0, 0xE7, 0x17, 0x22, 0xCE, 0x47, 0x10, 0xB5, 0x2B, 0x31, 0xB9, 0x7A, 0x97, 
    0x25, 0x8B, 0x83, 0xD5, 0xEC, 0x42, 0x3E, 0x19, 0xCF, 0xEB, 0x57, 0xD5, 0xF7, 0x2A, 0x93, 0x69, 
    0xCC, 0x2D, 0x4C, 0xDD, 0xEC, 0x2D, 0xE5, 0xFC, 0x7D, 0xC8, 0xA6, 0xAA, 0xCF, 0xD3, 0xD3, 0xB8, 
    0xF8, 0xDD, 0xC7, 0x9C, 0xDF, 0x67, 0xDE, 0xF1, 0xF6, 0x0F, 0x64, 0xAD, 0xC1, 0xA8, 0xC6, 0xCE, 
    0x6E, 0xFB, 0xD4, 0x3F, 0x46, 0xDB, 0x97, 0x8B, 0xDC, 0x98, 0xFD, 0x13, 0xB9, 0xF6, 0xCB, 0xCB, 
    0x4F, 0xBB, 0xCD, 0xDF, 0xF6, 0x6F, 0x08, 0x38, 0x7D, 0xB1, 0x61, 0x49, 0x68, 0xFB, 0x7A, 0xC4, 
    0x32, 0x69, 0xE1, 0xF7, 0x55, 0xEA, 0x7A, 0x4B, 0xD2, 0xFB, 0xD2, 0xFF, 0x00, 0x86, 0xF7, 0x08, 
    0x74, 0x93, 0x8F, 0x3A, 0xF9, 0x79, 0xB6, 0x07, 0x11, 0xA5, 0xF1, 0xB8, 0x99, 0x3D, 0x4D, 0x3E, 
    0xF7, 0x58, 0xF8, 0xB5, 0x9F, 0x31, 0xAB, 0x32, 0xB9, 0xA9, 0xB7, 0xDC, 0x55, 0xEE, 0xF4, 0x87, 
    0x28, 0x32, 0x46, 0xDC, 0x23, 0xE5, 0xA5, 0x28, 0xB8, 0x12, 0x38, 0x43, 0x72, 0x3B, 0xE2, 0xB7, 
    0xA7, 0xE7, 0x5C, 0x0E, 0x40, 0x00, 0x00, 0x00, 0x00, 0x00, 0x00, 0x00, 0x00, 0x00, 0x00, 0x00, 
    0x00, 0x00, 0x14, 0xAA, 0xA0, 0x30, 0x79, 0x63, 0x4E, 0x74, 0xEE, 0x79, 0xBA, 0xD6, 0xE1, 0xD2, 
    0x36, 0xE6, 0x0D, 0xDD, 0x47, 0x5B, 0xD4, 0x2D, 0x61, 0x62, 0xDA, 0x8F, 0x54, 0xEE, 0xDE, 0xAF, 
    0x28, 0xC6, 0x2D, 0x5B, 0x89, 0xFC, 0x54, 0xD0, 0x38, 0x61, 0xA1, 0x7E, 0x91, 0xD4, 0x27, 0xE9, 
    0xB2, 0x6E, 0xD3, 0x96, 0x2E, 0x34, 0x25, 0xCA, 0x77, 0xEE, 0xFF, 0x00, 0xF8, 0xF8, 0xEA, 0x85, 
    0x1C, 0x42, 0xE2, 0x76, 0xE9, 0xE2, 0x46, 0xA7, 0xEE, 0xED, 0xC1, 0x9D, 0xCE, 0xCC, 0x2B, 0xEF, 
    0x18, 0x96, 0x7B, 0xAC, 0xD9, 0xFD, 0x54, 0xF6, 0xA5, 0xF4, 0x90, 0xBD, 0x4D, 0xAB, 0xED, 0xB0, 
    0x52, 0xF0, 0x4B, 0xCE, 0xA7, 0x4F, 0x9A, 0x67, 0xA5, 0x34, 0x4D, 0xE6, 0xA4, 0x9F, 0x8F, 0xEA, 
    0x51, 0xEB, 0xF2, 0x76, 0x4E, 0x2B, 0x76, 0xAD, 0xCD, 0xCD, 0xA5, 0xFD, 0x1B, 0x87, 0x31, 0xAD, 
    0x8B, 0x3E, 0x59, 0xEA, 0x57, 0xA1, 0xDF, 0x3F, 0xF4, 0xA1, 0xF0, 0x7D, 0x69, 0x7E, 0x14, 0x75, 
    0xCD, 0xCF, 0xCA, 0xCF, 0xCB, 0xBB, 0x9D, 0xA8, 0x65, 0x5F, 0xC8, 0xC8, 0xBF, 0x2E, 0xAB, 0x97, 
    0xAF, 0x4B, 0xAA, 0x72, 0x97, 0xD2, 0xAB, 0x15, 0x3A, 0x61, 0x4A, 0x46, 0xB2, 0x52, 0x5E, 0x1F, 
    0x14, 0x94, 0x6E, 0x5F, 0x51, 0x5E, 0xE6, 0x6A, 0xF1, 0xD7, 0x9B, 0xF0, 0xF2, 0x6C, 0x4E, 0x07, 
    0x4B, 0x63, 0xF4, 0xFD, 0x2E, 0x0B, 0x6A, 0x7D, 0xEF, 0xBD, 0xE7, 0x15, 0xC0, 0x23, 0x69, 0x48, 
    0x00, 0x2D, 0xA5, 0x39, 0x57, 0xA6, 0x91, 0xEE, 0x7E, 0xBD, 0x27, 0x49, 0xD4, 0xB5, 0xDD, 0x42, 
    0xCE, 0x91, 0xA4, 0x60, 0xCF, 0x27, 0x33, 0x22, 0x5D, 0x36, 0x6C, 0xC2, 0x9C, 0xE5, 0x59, 0x3F, 
    0x6E, 0xD5, 0xDA, 0xBA, 0xDE, 0xF5, 0xD6, 0x2C, 0xE8, 0x1B, 0x7B, 0x06, 0x59, 0x19, 0x37, 0x7F, 
    0x0D, 0xA8, 0xFC, 0xA9, 0x4B, 0xD9, 0x8A, 0x6C, 0xF0, 0x77, 0x82, 0x9A, 0x17, 0x0B, 0xF4, 0xDA, 
    0x5C, 0xA7, 0x4E, 0x66, 0xAF, 0x7E, 0x9F, 0xF9, 0x59, 0x92, 0x8F, 0xE5, 0x87, 0xC9, 0x8A, 0x6F, 
    0xA6, 0x34, 0x9D, 0x7C, 0xF5, 0x5E, 0x38, 0xF2, 0xA5, 0x0F, 0x18, 0xFC, 0x90, 0x0D, 0x61, 0xAD, 
    0xAD, 0xB4, 0xDD, 0x2E, 0xCE, 0x4E, 0xF5, 0x68, 0xF8, 0x43, 0xF7, 0x8B, 0xC0, 0xE0, 0x8F, 0x67, 
    0xDC, 0x0E, 0x1F, 0xDA, 0xB7, 0xAE, 0x6B, 0xF6, 0xED, 0x66, 0x6B, 0x73, 0x8F, 0x9F, 0xCF, 0x0C, 
    0x6F, 0xA3, 0x6B, 0xE7, 0xFA, 0x4E, 0xDD, 0x4A, 0x77, 0x52, 0x31, 0xA7, 0x25, 0x69, 0xCF, 0xEC, 
    0x23, 0x2E, 0x6D, 0x81, 0xC7, 0x63, 0x2D, 0xB1, 0x74, 0x21, 0x46, 0xDE, 0x1B, 0xA0, 0xD6, 0x7C, 
    0x96, 0x4A, 0xE7, 0x2D, 0x71, 0x35, 0xC5, 0xD4, 0xFB, 0xE6, 0x8B, 0x20, 0x0C, 0x93, 0xC2, 0x00, 
    0x00, 0x00, 0x00, 0x00, 0x00, 0x00, 0x00, 0x00, 0x00, 0x00, 0x2C, 0x98, 0x34, 0xFE, 0x2C, 0x6B, 
    0xD1, 0xDB, 0x7C, 0x3E, 0xD7, 0x75, 0x8A, 0xCF, 0xA2, 0xE6, 0x3E, 0x05, 0xE9, 0xC3, 0xEB, 0x74, 
    0xF2, 0x8F, 0xEF, 0xAC, 0x5F, 0x3B, 0xFD, 0x84, 0xCD, 0xED, 0x6B, 0xAD, 0xFE, 0x8D, 0xE1, 0xB4, 
    0x74, 0xC8, 0x4B, 0xA6, 0x5A, 0xA6, 0x5C, 0x2C, 0x7D, 0x91, 0xF7, 0xC9, 0x7F, 0x02, 0x18, 0x73, 
    0xF1, 0xC6, 0x2A, 0x27, 0x69, 0xB7, 0x9D, 0xAD, 0xFD, 0x3B, 0x79, 0x7E, 0xCC, 0x3F, 0x56, 0xC1, 
    0xEC, 0x86, 0xC3, 0x82, 0xC2, 0xAD, 0xD4, 0xDF, 0x6E, 0x3F, 0xA2, 0xE0, 0x15, 0x52, 0xE2, 0x00, 
    0x00, 0x00, 0x00, 0x00, 0x00, 0x00, 0x00, 0x00, 0x00, 0x00, 0x00, 0x00, 0x00, 0x00, 0x00, 0x00, 
    0x00, 0x00, 0x00, 0x00, 0x00, 0x05, 0xB2, 0xAF, 0x3A, 0x7A, 0x44, 0xEC, 0xEC, 0xD7, 0x2B, 0x35, 
    0xE0, 0xFE, 0x81, 0x1B, 0x5C, 0xB9, 0xFA, 0x3B, 0x91, 0xB9, 0xF5, 0xFD, 0x24, 0xB9, 0xA0, 0xA7, 
    0x4C, 0x69, 0xE1, 0x48, 0xAE, 0xCA, 0x9C, 0x4F, 0xC7, 0xD2, 0x73, 0x2F, 0x70, 0xFF, 0x00, 0x57, 
    0xCA, 0x85, 0xBB, 0x39, 0x37, 0x3D, 0x2E, 0x05, 0x67, 0x3F, 0x0F, 0x5C, 0xBC, 0xD6, 0xFE, 0xDF, 
    0x3F, 0xE2, 0x58, 0xBB, 0x3D, 0xC8, 0xD2, 0xB2, 0xC9, 0xF0, 0x55, 0xFB, 0x70, 0xDC, 0xAB, 0x76, 
    0xA1, 0x8C, 0xAF, 0x7D, 0x88, 0x96, 0x7A, 0x3F, 0xF9, 0xC7, 0x7F, 0xE0, 0x97, 0x42, 0xCE, 0x74, 
    0xAF, 0xA9, 0x7B, 0x61, 0x60, 0xD6, 0xC0, 0x07, 0x20, 0x00, 0x00, 0x00, 0x00, 0x00, 0x00, 0x00, 
    0x00, 0x00, 0x00, 0x00, 0x00, 0x00, 0x00, 0x03, 0x0C, 0xA9, 0x1A, 0xD7, 0xA7, 0xE1, 0xAB, 0xC9, 
    0xDC, 0x5B, 0x83, 0x4E, 0xDB, 0x7A, 0x1E, 0x5E, 0xBD, 0xA9, 0xDC, 0x8D, 0xAC, 0x4C, 0x2B, 0x32, 
    0xBF, 0x76, 0x72, 0xF6, 0x69, 0x17, 0xAD, 0x5A, 0x52, 0xB7, 0x29, 0x5F, 0x89, 0x1C, 0x7B, 0x5E, 
    0x6E, 0xDB, 0xFA, 0x7E, 0xDE, 0xD3, 0x36, 0x7E, 0x15, 0xEE, 0x54, 0xD4, 0xEF, 0x4E, 0xEE, 0x47, 
    0xD2, 0xB5, 0x0F, 0x54, 0x7F, 0x14, 0xA3, 0xF8, 0x58, 0x8C, 0xE6, 0x4E, 0x18, 0xBB, 0x0A, 0x97, 
    0x31, 0xF2, 0x65, 0x70, 0x38, 0xC9, 0xF3, 0x39, 0x0A, 0x76, 0x52, 0xFD, 0xA8, 0xFE, 0x5E, 0x68, 
    0xE5, 0xC4, 0x4D, 0xF5, 0xAA, 0x71, 0x0F, 0x73, 0x64, 0xEE, 0x4D, 0x52, 0xE4, 0xA9, 0xE9, 0x6B, 
    0xD3, 0x8D, 0x63, 0xAB, 0xBA, 0xCD, 0x9F, 0x66, 0x3F, 0xF6, 0xFA, 0x4D, 0x76, 0x3E, 0x12, 0x35, 
    0xE7, 0xEA, 0x2B, 0xEA, 0x6A, 0xE5, 0xFD, 0xDD, 0x4B, 0xEA, 0xD3, 0x57, 0xAD, 0x1D, 0xF1, 0x8B, 
    0x6F, 0xB1, 0xD8, 0xFA, 0x38, 0xDB, 0x79, 0x2D, 0x68, 0x43, 0x74, 0x20, 0x00, 0xC7, 0x32, 0x40, 
    0x0F, 0xB0, 0x9F, 0x57, 0x97, 0xE0, 0x6C, 0xDC, 0x3E, 0xE1, 0xDE, 0xE1, 0xE2, 0x2E, 0xB3, 0x4D, 
    0x1F, 0x6E, 0xE3, 0xFB, 0xDC, 0x7F, 0xF9, 0x39, 0x53, 0xF2, 0x63, 0xD3, 0xE3, 0xAF, 0xFD, 0x5E, 
    0xB7, 0x09, 0xB8, 0x3D, 0xAF, 0x71, 0x43, 0x52, 0xF4, 0x38, 0xBE, 0x93, 0x17, 0x47, 0xB3, 0x3F, 
    0xFC, 0xAC, 0xDA, 0xC3, 0xBA, 0x1F, 0x46, 0x3F, 0x2A, 0x49, 0xBB, 0xB2, 0x36, 0x4E, 0xDC, 0xD8, 
    0x9A, 0x2D, 0x9D, 0x13, 0x6E, 0xE0, 0x47, 0x1A, 0xC4, 0x23, 0xDF, 0xD5, 0xDF, 0x39, 0xCB, 0xE3, 
    0xAD, 0x7D, 0xAA, 0xAC, 0x7D, 0x27, 0xA3, 0x2B, 0x65, 0x67, 0x85, 0xC5, 0xD4, 0x37, 0x53, 0xFD, 
    0x55, 0x56, 0xB5, 0xD7, 0xF4, 0x70, 0xF2, 0xC6, 0xCE, 0xCF, 0xBD, 0x5B, 0xF2, 0x87, 0xBF, 0xDB, 
    0xEC, 0x79, 0x3C, 0x34, 0xE1, 0x56, 0xDF, 0xE1, 0xA6, 0x8D, 0x1C, 0x1D, 0x2A, 0xD5, 0x25, 0x91, 
    0x73, 0xC5, 0x7F, 0x26, 0x70, 0xF7, 0xDB, 0xD3, 0xFA, 0x5F, 0x37, 0xCC, 0xDF, 0x7E, 0x3E, 0x7E, 
    0xA5, 0x3B, 0xBD, 0x71, 0xA7, 0x72, 0xB5, 0xE9, 0xE4, 0xBD, 0xED, 0x6D, 0x29, 0x59, 0x52, 0x85, 
    0x0A, 0x12, 0xEE, 0x96, 0x0D, 0x75, 0xB9, 0xB9, 0xAD, 0x79, 0x56, 0x35, 0xAB, 0xCD, 0xC5, 0x34, 
    0x57, 0x80, 0xF5, 0x3A, 0x40, 0x00, 0x00, 0x00, 0x00, 0x00, 0x00, 0x00, 0x00, 0x00, 0x00, 0x00, 
    0x05, 0xB2, 0x5C, 0xB6, 0x7D, 0xD4, 0x04, 0x49, 0xED, 0x9B, 0xAE, 0x46, 0xFE, 0xB7, 0xA0, 0xED, 
    0xD8, 0x4B, 0xFF, 0x00, 0x8B, 0x62, 0xEE, 0x5C, 0xFE, 0xB4, 0xE5, 0x48, 0xC7, 0xFD, 0xA4, 0x8E, 
    0x8E, 0x95, 0xDA, 0x37, 0x59, 0xAE, 0xB3, 0xC5, 0xCD, 0x66, 0x54, 0x9F, 0x5D, 0xBC, 0x1F, 0x45, 
    0x87, 0x0F, 0xB2, 0x1E, 0x2F, 0xCD, 0x29, 0x39, 0xAD, 0x3B, 0xDA, 0xC3, 0xAC, 0x2E, 0xFD, 0x33, 
    0x31, 0x56, 0x7F, 0x6E, 0xEF, 0x87, 0x26, 0xD9, 0x68, 0x3B, 0x2F, 0x41, 0xC0, 0xD0, 0x92, 0x3D, 
    0x37, 0xFC, 0x79, 0x80, 0x22, 0x49, 0x98, 0x00, 0x00, 0x00, 0x00, 0x00, 0x00, 0x00, 0x00, 0x00, 
    0x00, 0x00, 0x00, 0x00, 0x00, 0x00, 0x00, 0x00, 0x00, 0x00, 0x00, 0x00, 0x00, 0x0B, 0xE3, 0x29, 
    0x42, 0xB4, 0x94, 0x65, 0x2A, 0x56, 0x3E, 0x28, 0xCA, 0x9E, 0xCA, 0xC1, 0xDB, 0x24, 0xF3, 0x49, 
    0x37, 0x14, 0xBE, 0x2E, 0xBA, 0x94, 0xE5, 0xAB, 0x2F, 0x04, 0xDE, 0x0E, 0xC7, 0xB2, 0x3B, 0x52, 
    0x6F, 0xFD, 0xAF, 0x6A, 0xC6, 0x16, 0xB1, 0x6A, 0xCE, 0xBD, 0x8B, 0x6A, 0x3D, 0x3E, 0xFF, 0x00, 
    0x39, 0x43, 0x23, 0xA7, 0xFD, 0x4F, 0x6B, 0xED, 0x8B, 0xB3, 0xED, 0x9E, 0xD6, 0x5C, 0x3D, 0xD6, 
    0xAB, 0x0B, 0x3A, 0xE5, 0xAC, 0xBD, 0x0A, 0xED, 0x7E, 0x1C, 0x98, 0x7A, 0x48, 0x7E, 0x38, 0xA1, 
    0xA5, 0x3A, 0x6B, 0x4F, 0x0A, 0xDF, 0x47, 0xD5, 0xE7, 0xEF, 0x4D, 0xB1, 0xBA, 0xE3, 0x2B, 0x8F, 
    0xEE, 0xF6, 0x9C, 0x72, 0xFB, 0x7F, 0xDD, 0xEA, 0xFB, 0x2B, 0xB3, 0x7C, 0x36, 0x4E, 0x69, 0xA7, 
    0x96, 0x5E, 0xCE, 0x6F, 0x67, 0xCB, 0xC1, 0xF4, 0x9B, 0x44, 0xDE, 0x9B, 0x5B, 0x71, 0xD8, 0xF7, 
    0x46, 0x87, 0xAF, 0x61, 0x67, 0xDB, 0xAF, 0xB7, 0x8F, 0x7A, 0x33, 0x8B, 0xDA, 0xAD, 0xD8, 0x56, 
    0x9C, 0xE9, 0x2A, 0x72, 0x7C, 0xC6, 0xC4, 0xCB, 0xD4, 0x30, 0x32, 0x29, 0x95, 0x87, 0x95, 0x77, 
    0x1E, 0xEC, 0x7D, 0x53, 0xB3, 0x72, 0x50, 0x97, 0xE2, 0x8B, 0xA1, 0xED, 0xAE, 0xD0, 0xDC, 0x58, 
    0xDB, 0x11, 0xA6, 0x3D, 0xBD, 0xC1, 0x2D, 0x46, 0xCC, 0x7F, 0xB1, 0xCE, 0xB7, 0x4B, 0xBF, 0x9B, 
    0xCD, 0xF9, 0x93, 0xBC, 0x76, 0xD3, 0x6D, 0xAA, 0x77, 0x6F, 0x64, 0xDD, 0xEE, 0xE6, 0xAE, 0xF2, 
    0x9B, 0x25, 0xBE, 0xA1, 0xDE, 0xB0, 0xAB, 0x09, 0xFD, 0xFC, 0x93, 0xCA, 0x93, 0xE9, 0xF3, 0x47, 
    0xA5, 0x7C, 0xAE, 0x52, 0x90, 0xEA, 0xAC, 0xBB, 0x91, 0xA3, 0x6D, 0xF6, 0xC6, 0xC5, 0xBB, 0x48, 
    0x63, 0xEE, 0xED, 0xAB, 0x91, 0x8B, 0x29, 0x7A, 0xEE, 0xE1, 0x5E, 0xF4, 0x91, 0xFD, 0x95, 0xE9, 
    0x93, 0xAD, 0xED, 0x9E, 0x36, 0xF0, 0xDB, 0x77, 0x52, 0x16, 0x74, 0x8D, 0xDD, 0x89, 0xEE, 0xA9, 
    0xFF, 0x00, 0x61, 0x7E, 0x5E, 0x8E, 0xEF, 0xE0, 0x92, 0x6D, 0x63, 0xA9, 0x71, 0x79, 0x0F, 0xE8, 
    0xD5, 0x87, 0xE8, 0x80, 0x64, 0x34, 0xBE, 0x5F, 0x17, 0x1D, 0xD7, 0x14, 0x66, 0xF7, 0xF8, 0xC3, 
    0xF2, 0x74, 0x31, 0x86, 0xDE, 0x45, 0xAB, 0xB1, 0xE7, 0x0B, 0x91, 0x95, 0x3E, 0x6A, 0xB2, 0x75, 
    0x7C, 0xCC, 0xE4, 0xB3, 0xCB, 0x3F, 0x83, 0x07, 0x18, 0x46, 0x1E, 0x2B, 0x80, 0x7D, 0xB8, 0x00, 
    0x00, 0x00, 0x00, 0x00, 0x00, 0x00, 0x00, 0x00, 0x00, 0x06, 0x29, 0x21, 0x3F, 0x6B, 0x3C, 0xF9, 
    0x64, 0x71, 0x4E, 0x98, 0xD5, 0x97, 0x83, 0x1B, 0x4E, 0xB3, 0x4E, 0x5F, 0x26, 0x52, 0x94, 0xA5, 
    0xFC, 0xB1, 0x4D, 0x89, 0x21, 0x3F, 0x6B, 0x3C, 0x19, 0xE3, 0x71, 0x52, 0xB9, 0x33, 0x8F, 0x28, 
    0x64, 0x69, 0xB6, 0x6B, 0x0A, 0xFC, 0xA9, 0x46, 0x52, 0x8C, 0xBF, 0x8A, 0x08, 0x06, 0xD1, 0x38, 
    0xFE, 0x87, 0x9B, 0x87, 0xAC, 0x16, 0x0E, 0xCC, 0x38, 0x3E, 0x9E, 0x93, 0x8B, 0xA4, 0x5C, 0x64, 
    0x06, 0xB9, 0xB6, 0x90, 0x01, 0xD9, 0x08, 0x6F, 0x23, 0x1D, 0xDC, 0xCA, 0xF4, 0xCB, 0xD7, 0xED, 
    0x3A, 0xBF, 0x05, 0xB8, 0x0B, 0xAB, 0x71, 0x27, 0x2A, 0xDE, 0xAF, 0xAB, 0xFA, 0x5C, 0x3D, 0xBB, 
    0x0A, 0xF7, 0xDE, 0xF5, 0x4B, 0x27, 0xE6, 0x87, 0xD1, 0xFA, 0x4F, 0x57, 0x80, 0xBC, 0x05, 0x9E, 
    0xFC, 0xBF, 0x6F, 0x74, 0x6E, 0x7B, 0x73, 0xB5, 0xA0, 0xDA, 0xAF, 0xBD, 0x58, 0xF5, 0x57, 0x32, 
    0xBF, 0xFF, 0x00, 0x57, 0xF1, 0x26, 0x26, 0x0E, 0x9F, 0x8B, 0xA6, 0x62, 0xDB, 0xC1, 0xC2, 0xC6, 
    0x85, 0xAB, 0x16, 0x63, 0xD1, 0x6E, 0x10, 0xF0, 0xD2, 0x94, 0xF8, 0xA8, 0xB5, 0xF4, 0x76, 0x89, 
    0x9A, 0xF3, 0x75, 0xED, 0xFC, 0x3B, 0x9E, 0x50, 0xEB, 0xFC, 0x29, 0x4D, 0x75, 0xB4, 0x28, 0x5A, 
    0xF1, 0xE3, 0xB1, 0x91, 0xEF, 0xF9, 0xCD, 0xD3, 0xDD, 0xED, 0x62, 0xDB, 0xDB, 0x73, 0x49, 0xDB, 
    0x3A, 0x66, 0x3E, 0x93, 0xA3, 0xE1, 0x5A, 0xC5, 0xC5, 0xC5, 0x87, 0x45, 0xBB, 0x56, 0xA3, 0xCA, 
    0x31, 0x7A, 0xBC, 0xBB, 0x95, 0xE5, 0xCD, 0x5A, 0x2E, 0xBA, 0x74, 0xE4, 0xA5, 0x27, 0x05, 0x35, 
    0x0D, 0x3D, 0x49, 0xEA, 0x4F, 0xC5, 0x3C, 0x77, 0xAA, 0x03, 0xB5, 0xC0, 0x00, 0x00, 0x00, 0x00, 
    0x00, 0x00, 0x00, 0x00, 0x00, 0x00, 0x00, 0x00, 0xA5, 0x55, 0x01, 0x8B, 0xA7, 0x97, 0x2A, 0xBF, 
    0x3E, 0x66, 0x45, 0xBC, 0x5C, 0x4B, 0xD7, 0xEE, 0xCA, 0x91, 0x8D, 0xA8, 0xD6, 0xB5, 0xAF, 0xC5, 
    0x46, 0x69, 0xCF, 0xA6, 0x93, 0x68, 0x5C, 0x6F, 0xD7, 0xBF, 0x40, 0x70, 0xC7, 0x70, 0x6A, 0x30, 
    0xB9, 0xD1, 0x72, 0x58, 0x92, 0xB5, 0x6E, 0xBF, 0x4E, 0x7E, 0x08, 0xFF, 0x00, 0x13, 0xC5, 0x7D, 
    0x56, 0x16, 0xD6, 0xF3, 0xD6, 0x8F, 0x94, 0x1D, 0xF6, 0x74, 0x63, 0x77, 0x71, 0x4E, 0x8C, 0xBF, 
    0x6A, 0x6D, 0xC8, 0x1B, 0xAF, 0xEA, 0x55, 0xD6, 0xB5, 0xCD, 0x43, 0x55, 0x9F, 0xAF, 0x37, 0x2A, 
    0xEE, 0x47, 0xE2, 0x9C, 0xAA, 0xFC, 0x5E, 0x53, 0xC9, 0xD1, 0xD0, 0x4B, 0xC5, 0xCD, 0xA9, 0xD7, 
    0x75, 0xE3, 0x5E, 0xBC, 0xD5, 0x63, 0xE6, 0xDD, 0x1B, 0x2B, 0x79, 0x6D, 0xA8, 0x49, 0x4A, 0x4F, 
    0x08, 0x40, 0x01, 0xE2, 0x7B, 0x40, 0x00, 0x00, 0x00, 0x00, 0x00, 0x00, 0x00, 0x00, 0x00, 0x00, 
    0x00, 0x00, 0x00, 0x00, 0x00, 0x00, 0x00, 0x00, 0x00, 0x00, 0x00, 0x00, 0x00, 0x00, 0x00, 0x00, 
    0x03, 0xEB, 0x03, 0xB6, 0x49, 0xE6, 0x93, 0xC1, 0xF1, 0x34, 0x92, 0xCF, 0xCA, 0x30, 0x6C, 0xBB, 
    0x73, 0x89, 0x1B, 0xEF, 0x67, 0xCE, 0x13, 0xDB, 0x9B, 0x9F, 0x37, 0x1E, 0x91, 0xFE, 0xC7, 0xD2, 
    0x7A, 0x5B, 0x5F, 0x86, 0x7E, 0x17, 0x56, 0xDB, 0x1D, 0xAF, 0xF7, 0x6E, 0x0C, 0x21, 0x8F, 0xBB, 
    0x76, 0xFE, 0x26, 0xAB, 0x6E, 0x3E, 0x6B, 0xD6, 0x27, 0xEE, 0x6B, 0xBF, 0x87, 0xC5, 0x4F, 0xE1, 
    0x70, 0x48, 0x43, 0x97, 0x9A, 0x3C, 0x96, 0x5C, 0xF4, 0x91, 0xFE, 0xAA, 0x5C, 0xFE, 0xC4, 0x8A, 
    0xC7, 0x52, 0xE4, 0x71, 0xFF, 0x00, 0xD1, 0xAB, 0x1F, 0xD9, 0x18, 0xC9, 0x68, 0xFC, 0x46, 0x56, 
    0x1E, 0xBE, 0x84, 0x37, 0xF5, 0xF0, 0x8F, 0xC6, 0x09, 0xB5, 0xB6, 0xFB, 0x51, 0xF0, 0xBB, 0x5B, 
    0xE9, 0xB5, 0x95, 0x99, 0x7F, 0x47, 0xBD, 0x2F, 0xEC, 0xF3, 0xAD, 0xF4, 0xC7, 0xF1, 0xC7, 0x9C, 
    0x3F, 0x33, 0xA9, 0xE9, 0x5B, 0x8B, 0x45, 0xD7, 0x31, 0x21, 0x99, 0xA4, 0x6A, 0xB8, 0xF9, 0x96, 
    0xA7, 0xE5, 0x9D, 0xAB, 0x91, 0x9D, 0x3F, 0x73, 0xE6, 0xAF, 0x47, 0x2F, 0x65, 0xFA, 0x74, 0xED, 
    0x4B, 0x51, 0xD1, 0xEF, 0x53, 0x23, 0x49, 0xD4, 0xB2, 0xB0, 0xAE, 0x53, 0xDB, 0xB1, 0x72, 0x50, 
    0x97, 0xE5, 0x4D, 0x71, 0xDB, 0x4E, 0xB8, 0xA5, 0xDD, 0xBA, 0xA7, 0x08, 0xFB, 0xB9, 0x2B, 0xDC, 
    0xAE, 0xC8, 0xA8, 0x4F, 0xDE, 0xB0, 0xAB, 0x18, 0x7B, 0xF9, 0xBE, 0x99, 0xC6, 0x5E, 0x0E, 0xAA, 
    0x2B, 0x59, 0x4B, 0xA3, 0xBA, 0x3D, 0xE8, 0x2D, 0xB6, 0x3B, 0x4B, 0x71, 0x43, 0x6F, 0x56, 0x10, 
    0xBB, 0xA9, 0x63, 0xEA, 0xF6, 0x63, 0x1F, 0x56, 0x5D, 0xBE, 0xFF, 0x00, 0xC7, 0x1E, 0x9A, 0xBB, 
    0x26, 0xD3, 0xED, 0x7F, 0xB5, 0x35, 0x19, 0xD3, 0x1B, 0x75, 0x68, 0xD9, 0x7A, 0x4C, 0xAB, 0xFD, 
    0xBD, 0xBA, 0xFB, 0xA6, 0xCF, 0xE4, 0xF1, 0x53, 0xF0, 0xA7, 0x58, 0xED, 0x75, 0x89, 0xC8, 0x77, 
    0x66, 0xA9, 0xC1, 0x37, 0xB7, 0xFD, 0xDC, 0xAF, 0x32, 0x7B, 0x3D, 0xCD, 0xE3, 0x7B, 0xDD, 0x9F, 
    0x1C, 0xBF, 0xE3, 0xF2, 0xF1, 0x48, 0x59, 0x7D, 0x28, 0x7E, 0x65, 0xDD, 0xD4, 0x87, 0xCC, 0xF0, 
    0xB6, 0xE6, 0xEC, 0xD0, 0x37, 0x4E, 0x14, 0x73, 0xF4, 0x1D, 0x53, 0x1F, 0x33, 0x1E, 0x7E, 0x59, 
    0xD9, 0xBB, 0xD5, 0x4F, 0xB7, 0xE2, 0x7B, 0xB4, 0xF5, 0x77, 0x26, 0x34, 0x6B, 0x49, 0x5E, 0x4E, 
    0x2A, 0x71, 0x42, 0xEA, 0x52, 0x9A, 0x8C, 0xFC, 0x15, 0x25, 0xE1, 0x99, 0x90, 0x07, 0x63, 0xE4, 
    0x00, 0x00, 0x00, 0x00, 0x00, 0x01, 0x82, 0xEC, 0x79, 0xD1, 0x1A, 0x3B, 0x63, 0xED, 0x9E, 0xAD, 
    0x37, 0x43, 0xDD, 0xD8, 0xD6, 0xF9, 0xFB, 0x8E, 0xF4, 0xF0, 0xEF, 0xD7, 0xE8, 0x5D, 0xEF, 0xA7, 
    0xE6, 0x8F, 0xEF, 0x49, 0x89, 0x5C, 0x8D, 0x29, 0x5E, 0x5E, 0xB8, 0xB4, 0x8E, 0x2E, 0xED, 0x8A, 
    0x6F, 0x2E, 0x1F, 0x6B, 0xDB, 0x7E, 0xCC, 0x79, 0xDF, 0x96, 0x37, 0xA4, 0xB3, 0xFE, 0xAC, 0x7C, 
    0x70, 0xFC, 0xD4, 0x60, 0x75, 0x1D, 0x97, 0xA7, 0xE2, 0xEA, 0xD1, 0xF3, 0xDC, 0xCE, 0xE9, 0x8C, 
    0x87, 0xD1, 0x79, 0x6A, 0x37, 0x3E, 0x50, 0x9B, 0x9F, 0xBA, 0x3C, 0xA2, 0xF9, 0xF2, 0x1F, 0x5E, 
    0xDF, 0x45, 0x46, 0xAC, 0x4F, 0x2F, 0x04, 0xDC, 0x2D, 0xC4, 0xA7, 0x3C, 0xB3, 0xCB, 0x09, 0xA0, 
    0x75, 0x7C, 0xED, 0xE3, 0x83, 0x1C, 0x37, 0xBF, 0xC4, 0x9D, 0xE7, 0x6B, 0x4D, 0xB9, 0x6E, 0x54, 
    0xD3, 0xF1, 0xA9, 0xE9, 0xB3, 0xA7, 0x4F, 0x91, 0xF2, 0x7E, 0xB4, 0xA5, 0xE1, 0xFC, 0x6D, 0x1A, 
    0x5D, 0x34, 0xE5, 0x1F, 0x94, 0x9A, 0xFD, 0x98, 0xF6, 0x3D, 0x9D, 0xB3, 0xC3, 0x8C, 0x7D, 0x66, 
    0xFD, 0x9E, 0x8C, 0xCD, 0x77, 0xFF, 0x00, 0x32, 0xF5, 0x6B, 0xE6, 0xE9, 0xF6, 0x29, 0xF8, 0x7F, 
    0xDD, 0x31, 0xD1, 0x58, 0x68, 0x66, 0x32, 0x32, 0xC2, 0x7F, 0xA9, 0x27, 0x38, 0xA0, 0x7B, 0x42, 
    0xCF, 0xCD, 0x83, 0xC5, 0xC6, 0x34, 0x7E, 0xBD, 0x4E, 0x50, 0x75, 0xCD, 0x3B, 0x4F, 0xC5, 0xD3, 
    0xB1, 0x2D, 0x61, 0x61, 0xD9, 0x85, 0x8B, 0x36, 0x61, 0x18, 0x5B, 0xB7, 0x6E, 0x1C, 0xA3, 0x4A, 
    0x47, 0xE0, 0xA3, 0xF7, 0xD7, 0xC3, 0xEA, 0x5B, 0x4F, 0x52, 0xAD, 0x92, 0x92, 0x9C, 0xB4, 0xE5, 
    0xE1, 0x95, 0xAB, 0x51, 0x9E, 0x35, 0x26, 0xE2, 0x99, 0x78, 0x0F, 0xA0, 0x00, 0x00, 0x00, 0x00, 
    0x00, 0x00, 0x00, 0x00, 0x00, 0x00, 0x00, 0x00, 0x00, 0x00, 0x01, 0x8B, 0x97, 0x4D, 0x2A, 0xE0, 
    0x1D, 0xAF, 0xF5, 0xEF, 0x71, 0x6C, 0x6C, 0x2D, 0x0E, 0x17, 0x3D, 0xF3, 0x51, 0xCE, 0x8F, 0x57, 
    0xD4, 0x85, 0x3A, 0xEB, 0xFB, 0xE3, 0x17, 0x7F, 0x97, 0xC9, 0x43, 0xEE, 0xD8, 0x5A, 0xDD, 0x32, 
    0x77, 0xA6, 0x97, 0xA1, 0xD2, 0x5D, 0xD8, 0x38, 0x75, 0xBD, 0x5A, 0x7C, 0xF7, 0x65, 0x1F, 0xF8, 
    0xB4, 0x88, 0x6B, 0x6B, 0xCF, 0x43, 0xC3, 0x55, 0x8F, 0x5E, 0x5F, 0x14, 0xBB, 0x41, 0xD8, 0xFA, 
    0x6E, 0x7E, 0x84, 0x9D, 0x39, 0xFC, 0x1C, 0x08, 0x06, 0xB2, 0x36, 0xDE, 0x1C, 0x80, 0x1C, 0x00, 
    0x00, 0x00, 0x00, 0x00, 0x00, 0x00, 0x00, 0x00, 0x00, 0x00, 0x00, 0x00, 0x00, 0x00, 0x00, 0x00, 
    0x00, 0x00, 0x00, 0x00, 0x00, 0x00, 0x00, 0x00, 0x00, 0x00, 0x00, 0x00, 0x00, 0x00, 0x00, 0x00, 
    0xE6, 0x06, 0xED, 0xEF, 0x47, 0x6E, 0x6E, 0x8D, 0xC1, 0xB5, 0xB3, 0x63, 0xAA, 0x6D, 0xBD, 0x63, 
    0x23, 0x06, 0xF7, 0xC1, 0x5B, 0x75, 0xF3, 0x7D, 0x68, 0x79, 0x65, 0xF7, 0x92, 0xAB, 0x83, 0x5D, 
    0xA6, 0x74, 0xED, 0xD7, 0x72, 0xC6, 0xDB, 0xDE, 0x5D, 0x18, 0x1A, 0xAC, 0xE9, 0xD1, 0x6F, 0x26, 
    0x3D, 0xD6, 0x72, 0x25, 0xF5, 0x7D, 0x89, 0x7D, 0x1F, 0x52, 0x21, 0xCA, 0x71, 0xA5, 0x7A, 0x65, 
    0x2E, 0x55, 0x5B, 0x5A, 0xCA, 0xDC, 0x6B, 0x2B, 0x9D, 0xD4, 0x4B, 0x70, 0x7A, 0xAA, 0xF7, 0x09, 
    0x53, 0x8A, 0x49, 0xB7, 0xCB, 0xD3, 0xC9, 0x0A, 0xD4, 0x9A, 0x33, 0x1F, 0xA8, 0x69, 0x77, 0xE5, 
    0xE1, 0xAB, 0xE5, 0x37, 0x9F, 0xF2, 0xFA, 0x7B, 0x6A, 0xE4, 0x6B, 0x6E, 0x95, 0x8D, 0x69, 0xE2, 
    0xFA, 0x4C, 0xB2, 0x97, 0x2A, 0x73, 0xAA, 0x27, 0xF6, 0x79, 0xE3, 0xC5, 0xDB, 0x37, 0xAD, 0x6C, 
    0x5D, 0xED, 0x9D, 0x2B, 0xD1, 0xB9, 0xD3, 0x0D, 0x3B, 0x36, 0xF4, 0xFC, 0x5D, 0x5F, 0xE0, 0xDD, 
    0xAF, 0xF0, 0xD7, 0xEE, 0xA5, 0x5C, 0x25, 0x19, 0x72, 0xE5, 0x2E, 0xE6, 0xC0, 0xE1, 0x33, 0x76, 
    0xF9, 0xBB, 0x69, 0x6E, 0x2D, 0xFF, 0x00, 0x18, 0x74, 0x6B, 0x2E, 0x77, 0x09, 0x77, 0xA7, 0xEE, 
    0xE6, 0xB4, 0xBA, 0x87, 0xBA, 0x3D, 0x5F, 0xA4, 0x06, 0x71, 0x89, 0x00, 0x00, 0x00, 0x00, 0x05, 
    0x18, 0xEE, 0xC6, 0x92, 0x8D, 0x61, 0xF2, 0x99, 0x56, 0xC9, 0xF3, 0x34, 0x38, 0xA1, 0xB8, 0x87, 
    0x27, 0xCE, 0xDE, 0x2F, 0xED, 0x8F, 0xE8, 0x77, 0x12, 0xB5, 0xCD, 0x1B, 0x97, 0x2B, 0x75, 0xC9, 
    0xF7, 0x4D, 0xAE, 0x5F, 0xE1, 0x5D, 0xF1, 0xD3, 0xFD, 0xFF, 0x00, 0x2B, 0x4F, 0x8D, 0x39, 0xD6, 
    0xB2, 0xF9, 0x49, 0x67, 0xDA, 0x87, 0x84, 0x5A, 0x96, 0xEA, 0xA6, 0x3E, 0xF4, 0xDB, 0x78, 0xD2, 
    0xC9, 0xCE, 0xC2, 0xB7, 0xE8, 0x32, 0xB1, 0xA1, 0xE6, 0xB9, 0x67, 0xCD, 0x1A, 0xC7, 0xE5, 0x4A, 
    0x3E, 0x2F, 0x0F, 0xD2, 0x44, 0xEB, 0xB1, 0xAE, 0x26, 0x5F, 0xB9, 0xF2, 0x63, 0x2B, 0x37, 0x61, 
    0x2E, 0x99, 0xDA, 0xBB, 0xE1, 0x9C, 0x7E, 0xEB, 0x5B, 0x35, 0x66, 0x0A, 0xBE, 0x37, 0x23, 0x3C, 
    0x25, 0x93, 0xBB, 0x37, 0x38, 0x36, 0xA3, 0x44, 0xEA, 0x1B, 0x6C, 0xAE, 0x2E, 0x9C, 0x27, 0x9F, 
    0xD6, 0x49, 0x0D, 0xD1, 0xFC, 0x17, 0x60, 0x61, 0xFB, 0xAF, 0x2F, 0x1B, 0x4D, 0x87, 0xAF, 0x2A, 
    0xEC, 0x6C, 0x53, 0xEF, 0x4F, 0xA5, 0xF4, 0xA3, 0x45, 0xC1, 0xB5, 0xA6, 0xE9, 0x38, 0x3A, 0x75, 
    0x98, 0xF4, 0x5A, 0xC7, 0xB3, 0x1B, 0x51, 0x8F, 0xCD, 0x48, 0xF2, 0x43, 0x7E, 0xCF, 0xBC, 0x1C, 
    0xD6, 0xB7, 0x5E, 0xE5, 0xC5, 0xDD, 0x3A, 0x9E, 0x25, 0xDC, 0x5D, 0x17, 0x4B, 0xB9, 0x1C, 0x88, 
    0xCE, 0xE5, 0x39, 0x7B, 0xA6, 0xED, 0x3C, 0xB4, 0x8F, 0xD1, 0xE7, 0xE6, 0xAA, 0x6C, 0x42, 0x31, 
    0xA5, 0x23, 0x0F, 0x89, 0x63, 0xEC, 0xE3, 0x17, 0x5E, 0xCA, 0xDE, 0x7B, 0x8A, 0xF2, 0xEE, 0xE3, 
    0xF0, 0x55, 0x7B, 0x53, 0xCD, 0x50, 0xC8, 0x5E, 0x53, 0xB5, 0xA1, 0x36, 0xF8, 0x53, 0xDF, 0xBF, 
    0xDF, 0x17, 0xE8, 0x01, 0x67, 0x2A, 0xB0, 0x00, 0x00, 0x00, 0x00, 0x00, 0x00, 0x00, 0x00, 0x00, 
    0x00, 0x00, 0x00, 0x00, 0x00, 0x00, 0x00, 0x60, 0xB9, 0x5F, 0x47, 0x6A, 0x55, 0xF8, 0x90, 0x07, 
    0x8F, 0x1A, 0xDF, 0xF4, 0x83, 0x8B, 0x5B, 0x87, 0x36, 0x12, 0xE7, 0x6E, 0xD5, 0xFF, 0x00, 0x72, 
    0xDB, 0xFD, 0x56, 0xA1, 0x1A, 0x7F, 0x17, 0x52, 0x78, 0xEB, 0xB9, 0xD6, 0xB0, 0x34, 0x8C, 0xCC, 
    0xEB, 0xF2, 0xE9, 0xB5, 0x62, 0xCC, 0xEE, 0xCE, 0x5F, 0x35, 0x23, 0xCD, 0xF3, 0x5B, 0x3F, 0x36, 
    0xF6, 0xA5, 0x9F, 0x91, 0xA8, 0x64, 0x7F, 0x59, 0x95, 0x7E, 0x57, 0xE5, 0xF5, 0xA5, 0x2E, 0xA5, 
    0x53, 0xB5, 0x0B, 0xCE, 0xCA, 0xD6, 0x95, 0xB7, 0x58, 0xEF, 0xF8, 0x7F, 0xD5, 0xBB, 0xB2, 0x2B, 
    0x0E, 0xD6, 0xFA, 0xAD, 0xD7, 0xDC, 0x86, 0xEF, 0x8F, 0xFC, 0x61, 0x01, 0x45, 0x36, 0x20, 0x00, 
    0x00, 0x00, 0x00, 0x00, 0x00, 0x00, 0x00, 0x00, 0x00, 0x00, 0x00, 0x00, 0x00, 0x00, 0x00, 0x00, 
    0x00, 0x00, 0x00, 0x00, 0x00, 0x00, 0x00, 0x00, 0x00, 0x00, 0x00, 0x00, 0x00, 0x00, 0x00, 0x00, 
    0x00, 0x00, 0x1C, 0x8A, 0x52, 0x5E, 0x1E, 0xAF, 0x52, 0x69, 0x76, 0x6F, 0xE2, 0xBD, 0x78, 0x81, 
    0xB5, 0xAB, 0xA2, 0x6B, 0x17, 0xBA, 0xB5, 0x8D, 0x1E, 0x90, 0xB7, 0x72, 0xB2, 0x97, 0x7E, 0x45, 
    0xAF, 0x66, 0xEF, 0xFC, 0x4B, 0xFF, 0x00, 0xB2, 0x17, 0x79, 0xAB, 0xDD, 0xEC, 0xF9, 0x9B, 0x6F, 
    0x0B, 0x37, 0xC6, 0x46, 0xC0, 0xDF, 0x1A, 0x76, 0xE5, 0xB3, 0x29, 0x7B, 0x9E, 0x97, 0x3D, 0x06, 
    0x55, 0x3E, 0x5D, 0x99, 0x79, 0xBF, 0xED, 0xF7, 0x53, 0x5D, 0x1B, 0x9C, 0x9F, 0x0D, 0x7D, 0x2C, 
    0x63, 0xF5, 0x27, 0xE5, 0x14, 0x07, 0x5E, 0x69, 0xC9, 0x33, 0xB8, 0xE9, 0xA6, 0x92, 0x1E, 0xB6, 
    0x4E, 0x70, 0xF9, 0x7E, 0x2F, 0xA2, 0xCA, 0x56, 0x9C, 0xD8, 0x2C, 0x5F, 0xB7, 0x7E, 0xC4, 0x2F, 
    0x5B, 0x97, 0x54, 0x67, 0x1E, 0xAA, 0x56, 0x9F, 0x0B, 0x3D, 0x6B, 0xF1, 0x36, 0x4E, 0x49, 0xB8, 
    0xE5, 0xE2, 0x6A, 0xCC, 0x61, 0xC3, 0x1D, 0xD1, 0x54, 0x07, 0xD3, 0x80, 0x00, 0x00, 0x00, 0x00, 
    0x59, 0x28, 0x46, 0xB1, 0xAD, 0x2B, 0x4E, 0x6F, 0x2B, 0x23, 0x6E, 0xE8, 0xB9, 0x97, 0xE9, 0x95, 
    0x91, 0xA5, 0x61, 0x5D, 0xBB, 0xFE, 0x24, 0xEC, 0x42, 0xB2, 0xFD, 0xAF, 0x5D, 0x65, 0x6B, 0x4F, 
    0x85, 0xD5, 0x3D, 0x1A, 0x75, 0x3E, 0xBC, 0x1F, 0x72, 0x54, 0x9E, 0x9F, 0xD4, 0x8A, 0xDB, 0x76, 
    0xAD, 0x5B, 0x87, 0x2B, 0x76, 0xA9, 0x06, 0x48, 0xAE, 0x1D, 0x90, 0x84, 0x25, 0x86, 0xE8, 0x3E, 
    0x37, 0xEF, 0xF1, 0x00, 0x72, 0x00, 0x00, 0x00, 0x00, 0x00, 0x00, 0x00, 0x00, 0x00, 0x00, 0x00, 
    0x00, 0x00, 0x00, 0x00, 0x00, 0x03, 0x98, 0x76, 0x87, 0xD6, 0xE1, 0xA0, 0x70, 0x97, 0x5F, 0xBD, 
    0x19, 0x72, 0xB9, 0x93, 0x63, 0xDC, 0xB6, 0xFE, 0xBD, 0xD9, 0xD2, 0x1F, 0xCC, 0x81, 0x3E, 0x5E, 
    0x49, 0x63, 0xDB, 0x2B, 0x5B, 0x96, 0x2E, 0xD9, 0xD1, 0x74, 0x6A, 0x4A, 0x3F, 0xF9, 0xB9, 0x93, 
    0xBB, 0x3A, 0x7D, 0x1B, 0x54, 0xA7, 0xF3, 0x56, 0x28, 0xA3, 0x5E, 0xF9, 0xD1, 0x40, 0xED, 0x22, 
    0xEF, 0xD2, 0x32, 0x70, 0xA1, 0x2F, 0xD8, 0x87, 0xF2, 0xD8, 0xDD, 0x93, 0x58, 0xF6, 0x18, 0x99, 
    0xEB, 0xFF, 0x00, 0x72, 0x31, 0xFC, 0xB9, 0x28, 0x02, 0xB2, 0x5B, 0x00, 0x00, 0x00, 0x00, 0x00, 
    0x00, 0x00, 0x00, 0x00, 0x00, 0x00, 0x00, 0x00, 0x00, 0x00, 0x00, 0x00, 0x00, 0x00, 0x00, 0x00, 
    0x00, 0x00, 0x00, 0x00, 0x00, 0x00, 0x00, 0x00, 0x00, 0x00, 0x00, 0x00, 0x00, 0x00, 0x00, 0x01, 
    0x2F, 0x20, 0x3B, 0x24, 0x9A, 0x32, 0xF3, 0x7C, 0xCF, 0x2F, 0x1C, 0x37, 0x27, 0x4F, 0x67, 0x4D, 
    0xDB, 0xFD, 0x2B, 0xE1, 0x6E, 0x9D, 0x4C, 0x8B, 0xDE, 0x93, 0x27, 0x4D, 0x85, 0x70, 0xAF, 0xFD, 
    0x68, 0x57, 0xBB, 0xF2, 0xF4, 0xBA, 0xA7, 0x86, 0x9C, 0xD1, 0x1F, 0xB1, 0xF6, 0xE8, 0xF7, 0x26, 
    0xE2, 0xD5, 0x36, 0x8D, 0xF9, 0xF8, 0x75, 0x0B, 0x34, 0xCB, 0xB3, 0xFA, 0xED, 0x78, 0x65, 0xFB, 
    0xAB, 0x6F, 0xF6, 0x25, 0xBD, 0x23, 0x4A, 0xD6, 0x5F, 0x3B, 0x67, 0xF4, 0x8E, 0x4B, 0xE9, 0x3C, 
    0x55, 0x29, 0xFC, 0xE1, 0xCA, 0x3F, 0x83, 0x50, 0x75, 0x8E, 0x2E, 0x6C, 0x4E, 0x62, 0xBD, 0x08, 
    0x78, 0x78, 0xC3, 0xF1, 0x67, 0x01, 0x28, 0x46, 0x80, 0x00, 0x00, 0x00, 0x00, 0x53, 0x95, 0x15, 
    0x00, 0x00, 0x00, 0x00, 0x00, 0x00, 0x00, 0x00, 0x00, 0x00, 0x00, 0x00, 0x00, 0x00, 0x00, 0x00, 
    0x00, 0x00, 0x00, 0x14, 0xE7, 0x45, 0x97, 0x27, 0xCA, 0x15, 0x71, 0x34, 0x77, 0x43, 0x79, 0xE2, 
    0x86, 0x3D, 0xAD, 0xF5, 0xCF, 0xD2, 0x1C, 0x47, 0xC6, 0xD1, 0xA1, 0x77, 0x9D, 0xBD, 0x33, 0x06, 
    0x1C, 0xE1, 0xF4, 0xEE, 0xCA, 0x55, 0xFE, 0x18, 0x45, 0xC3, 0x69, 0x4E, 0x52, 0xAC, 0xBE, 0x53, 
    0x70, 0xE2, 0xE6, 0xB5, 0x1D, 0xC3, 0xC4, 0xCD, 0xCD, 0xA8, 0xC6, 0x5D, 0x51, 0xF7, 0x6C, 0xAC, 
    0x42, 0xBF, 0x35, 0xAF, 0x7A, 0xA7, 0xF0, 0xB4, 0xE8, 0x4B, 0xAA, 0xCF, 0x53, 0x56, 0x75, 0x35, 
    0xC7, 0xA5, 0xE5, 0x2B, 0xD6, 0xF6, 0xB6, 0xEB, 0x47, 0xD9, 0xFA, 0x0E, 0x16, 0xDE, 0x8F, 0xB2, 
    0x1F, 0x9F, 0x35, 0xC0, 0x23, 0x69, 0x58, 0x00, 0x00, 0x00, 0x00, 0x00, 0x00, 0x00, 0x00, 0x00, 
    0x00, 0x00, 0x00, 0x00, 0x00, 0x00, 0x00, 0x00, 0x00, 0x00, 0x00, 0x00, 0x00, 0x00, 0x00, 0x00, 
    0x00, 0x00, 0x00, 0x00, 0x00, 0x00, 0x00, 0x00, 0x00, 0x00, 0x00, 0x03, 0x91, 0xB3, 0x70, 0xCF, 
    0x74, 0xDC, 0xD9, 0x9B, 0xFB, 0x45, 0xDC, 0x31, 0x97, 0x4D, 0xBC, 0x7C, 0xAA, 0x5B, 0xBD, 0xFE, 
    0x94, 0xFC, 0x32, 0xFC, 0xB2, 0x7D, 0x13, 0xC7, 0xB9, 0x19, 0x58, 0x84, 0xE3, 0xDF, 0x4A, 0xC5, 
    0xF3, 0x1A, 0x5E, 0x24, 0xFA, 0xE0, 0x46, 0xED, 0x96, 0xEE, 0xE1, 0x9E, 0x8D, 0xA8, 0xE4, 0x5D, 
    0xF4, 0x99, 0x16, 0xAC, 0x7B, 0x96, 0xFF, 0x00, 0xFA, 0xB6, 0xBC, 0x12, 0xFE, 0x15, 0xCD, 0xB3, 
    0x0C, 0x97, 0x3A, 0xB6, 0x53, 0xFB, 0xFE, 0x6A, 0x1B, 0x6B, 0xB8, 0x9E, 0x19, 0xE9, 0x64, 0x64, 
    0xF7, 0x47, 0xF6, 0xFD, 0xDD, 0x24, 0x5B, 0x15, 0xCB, 0x91, 0x49, 0x80, 0x00, 0x00, 0x00, 0x00, 
    0x00, 0x00, 0x00, 0x00, 0x00, 0x00, 0x00, 0x00, 0x00, 0x00, 0x00, 0x00, 0x00, 0x00, 0x00, 0x00, 
    0x00, 0x00, 0xA5, 0x55, 0x01, 0xF9, 0xE9, 0x0F, 0x17, 0x37, 0x93, 0xBB, 0x35, 0x6B, 0x3A, 0x06, 
    0xDA, 0xD4, 0xF5, 0xAC, 0x89, 0x72, 0xB7, 0x85, 0x8B, 0x76, 0xF4, 0xBE, 0xEC, 0x6B, 0x57, 0xB5, 
    0x5A, 0xFC, 0x4E, 0x47, 0xDA, 0x6B, 0x5A, 0xFD, 0x0F, 0xC2, 0x5D, 0x5A, 0x11, 0xB9, 0xD3, 0x3C, 
    0xFF, 0x00, 0x47, 0x89, 0x0F, 0xBD, 0x5F, 0x17, 0xE5, 0xA4, 0x98, 0xDC, 0xB5, 0xCF, 0xA2, 0xD9, 
    0xD4, 0xB8, 0x8F, 0x94, 0xB1, 0x7B, 0xB1, 0x76, 0xD1, 0xBC, 0xBE, 0xA3, 0x6F, 0x0F, 0x39, 0xA1, 
    0x04, 0x1D, 0xBB, 0x7A, 0xF6, 0x4D, 0xC9, 0xE4, 0x5E, 0xF3, 0xDD, 0x9C, 0xAE, 0xCB, 0xEB, 0x49, 
    0x4E, 0x5F, 0x30, 0x56, 0x5F, 0x3B, 0x53, 0xEB, 0xD4, 0xED, 0x2A, 0x4D, 0x33, 0x74, 0x28, 0x52, 
    0xEC, 0x69, 0xCB, 0x4E, 0x1E, 0x40, 0x0F, 0x33, 0xBC, 0x00, 0x00, 0x00, 0x00, 0x00, 0x00, 0x00, 
    0x00, 0x00, 0x00, 0x00, 0x00, 0x00, 0x00, 0x00, 0x00, 0x00, 0x00, 0x00, 0x00, 0x00, 0x00, 0x00, 
    0x00, 0x00, 0x00, 0x00, 0x00, 0x00, 0x00, 0x00, 0x00, 0x00, 0x00, 0x00, 0x00, 0x00, 0x14, 0xEA, 
    0xEA, 0x97, 0x4F, 0xC9, 0x49, 0x8E, 0xC7, 0x7B, 0xAA, 0x16, 0xEF, 0x6B, 0x9B, 0x3B, 0x2A, 0xE7, 
    0x9B, 0xA3, 0x37, 0x1E, 0x9F, 0xBA, 0xEF, 0xF2, 0xA3, 0x3F, 0x92, 0x75, 0x95, 0x5B, 0xAF, 0x06, 
    0x37, 0x35, 0x76, 0x87, 0x12, 0xF4, 0x4D, 0x5A, 0xE5, 0xCE, 0x56, 0xAF, 0x5E, 0xF7, 0x2D, 0xFF, 
    0x00, 0xA9, 0x77, 0xBB, 0xFE, 0xA9, 0x76, 0x90, 0xC9, 0x7D, 0x1B, 0x96, 0xA5, 0x53, 0xCB, 0xC3, 
    0xE2, 0x86, 0x6B, 0x8C, 0x5F, 0xD2, 0x98, 0x7A, 0xB4, 0xA5, 0xF1, 0xDD, 0xBE, 0x1E, 0xF8, 0x73, 
    0x7D, 0x0C, 0x82, 0xF6, 0x3B, 0x52, 0xEB, 0x84, 0x67, 0xCF, 0xD7, 0x46, 0x46, 0xCE, 0x42, 0x3B, 
    0xE1, 0xBD, 0xA9, 0xBE, 0x00, 0x0E, 0x40, 0x00, 0x00, 0x00, 0x00, 0x00, 0x00, 0x00, 0x00, 0x00, 
    0x00, 0x00, 0x00, 0x00, 0x00, 0x00, 0x00, 0x00, 0x00, 0x00, 0x00, 0x00, 0x00, 0x60, 0xA5, 0x39, 
    0xC6, 0xA8, 0xC9, 0xDB, 0x33, 0x5A, 0x8C, 0x34, 0xFD, 0xBB, 0xB7, 0xA1, 0x2E, 0xFB, 0xB7, 0xEE, 
    0xE5, 0x4E, 0x9F, 0x56, 0x3C, 0xA9, 0xFC, 0x69, 0x3D, 0xE5, 0xA2, 0x10, 0x76, 0xA9, 0xD6, 0xBF, 
    0x49, 0x71, 0x56, 0xEE, 0x05, 0x25, 0xD5, 0x6F, 0x4D, 0xC4, 0xB5, 0x63, 0xEF, 0xCB, 0xC7, 0x2F, 
    0xF7, 0x82, 0x13, 0xAF, 0x2E, 0xBD, 0x17, 0x0D, 0x52, 0x5F, 0xBD, 0xBA, 0x09, 0xC6, 0xCE, 0x6C, 
    0x7D, 0x37, 0x3F, 0x4A, 0x3F, 0x73, 0x7C, 0x5C, 0x7C, 0x06, 0xB5, 0xB6, 0xB4, 0x01, 0xC0, 0x00, 
    0x00, 0x00, 0x00, 0x00, 0x00, 0x00, 0x00, 0x00, 0x00, 0x00, 0x00, 0x00, 0x00, 0x00, 0x00, 0x00, 
    0x00, 0x00, 0x00, 0x00, 0x00, 0x00, 0x00, 0x00, 0x00, 0x00, 0x00, 0x00, 0x00, 0x00, 0x00, 0x00, 
    0x00, 0x00, 0x00, 0x00, 0x01, 0x49, 0x4A, 0x3E, 0x59, 0x72, 0xAF, 0xC1, 0x50, 0x77, 0x53, 0x9F, 
    0x82, 0x68, 0x4C, 0xEB, 0xAB, 0x24, 0xB5, 0x25, 0x8C, 0x93, 0x3E, 0x85, 0x70, 0x9F, 0x75, 0x43, 
    0x79, 0x6C, 0x2D, 0x17, 0x70, 0x4A, 0x7D, 0x77, 0x72, 0x71, 0x63, 0x1B, 0xDF, 0xEA, 0xC3, 0xC1, 
    0x3F, 0xCD, 0x49, 0x37, 0x4A, 0xD2, 0x3E, 0xD2, 0x35, 0x76, 0x39, 0xDD, 0x14, 0xBB, 0xA3, 0xEA, 
    0xDB, 0x3B, 0x22, 0xE7, 0x39, 0xE1, 0xDF, 0xA6, 0x65, 0x8A, 0x7F, 0x95, 0x77, 0xBA, 0xBF, 0x9A, 
    0x12, 0xFD, 0xA9, 0x2B, 0x5A, 0xC7, 0xBA, 0x92, 0x6D, 0x3E, 0x9F, 0xC8, 0x7D, 0x23, 0x8E, 0xA5, 
    0x5F, 0xCE, 0x30, 0xFC, 0xDA, 0x73, 0xA9, 0x31, 0xD1, 0xC5, 0xE5, 0x6B, 0xDB, 0x47, 0xC2, 0x13, 
    0x72, 0xF7, 0x79, 0x32, 0x80, 0xCF, 0x30, 0x80, 0x00, 0x00, 0x00, 0x00, 0x02, 0xD9, 0x01, 0x4E, 
    0x7F, 0x03, 0x1C, 0xBE, 0xAF, 0xEF, 0x5D, 0xEB, 0xA7, 0xAD, 0xE1, 0xEB, 0x3B, 0xBB, 0x6E, 0xE8, 
    0x10, 0xF4, 0x9A, 0xBE, 0xB9, 0x85, 0x87, 0x1E, 0x5C, 0xFA, 0xAF, 0xDF, 0x8D, 0xBF, 0xE2, 0x75, 
    0x54, 0xAD, 0x4E, 0x84, 0x38, 0xAA, 0x45, 0xF5, 0x4E, 0x9D, 0x4A, 0xD3, 0x70, 0xD3, 0x97, 0x89, 
    0xEE, 0x53, 0xF5, 0x72, 0x56, 0xB5, 0xE7, 0x46, 0xA9, 0xA4, 0xF1, 0x1F, 0x64, 0x6B, 0x77, 0xA9, 
    0x8F, 0xA6, 0xEE, 0x8D, 0x2A, 0xFD, 0xC9, 0x79, 0x63, 0x6B, 0x32, 0xDC, 0xEB, 0x56, 0xD1, 0x4B, 
    0x90, 0x9C, 0x69, 0x58, 0x4E, 0x32, 0xA7, 0xCD, 0x57, 0x5D, 0x1B, 0xAA, 0x15, 0xF9, 0xD2, 0x9F, 
    0x7B, 0xEA, 0xA5, 0xBD, 0x5A, 0x11, 0xDD, 0x56, 0x5E, 0x16, 0x61, 0x6F, 0x57, 0xCC, 0xB9, 0xE9, 
    0x75, 0x80, 0x00, 0x00, 0x00, 0x00, 0x00, 0x00, 0x00, 0x00, 0x00, 0x00, 0x0B, 0x64, 0x0C, 0x39, 
    0x1D, 0x31, 0xB5, 0x39, 0x4F, 0xD5, 0x4A, 0x73, 0x7C, 0xE4, 0xE2, 0x36, 0xB3, 0xFD, 0x20, 0xDF, 
    0x3A, 0xF6, 0xAF, 0xE9, 0x3A, 0xE1, 0x95, 0x9F, 0x3A, 0xDB, 0xFA, 0xB0, 0x97, 0x44, 0x7F, 0x2C, 
    0x13, 0xDF, 0x88, 0xDA, 0xD5, 0x76, 0xF6, 0xC8, 0xD7, 0x75, 0x9F, 0x0D, 0x3D, 0xC7, 0x89, 0x72, 
    0xEC, 0x3F, 0x5F, 0x4F, 0x77, 0xEF, 0x7C, 0xE8, 0x97, 0x54, 0xE9, 0xD5, 0x3B, 0x9D, 0x73, 0xF8, 
    0x6A, 0xA8, 0x36, 0xA3, 0x77, 0xDC, 0xA3, 0x6B, 0xEF, 0x8A, 0xE8, 0xD9, 0x05, 0x8F, 0x15, 0xC5, 
    0x7B, 0xBF, 0x74, 0x3F, 0x70, 0x05, 0x26, 0xBF, 0x40, 0x00, 0x00, 0x00, 0x00, 0x00, 0x00, 0x00, 
    0x00, 0x00, 0x00, 0x00, 0x00, 0x00, 0x00, 0x00, 0x00, 0x00, 0x00, 0x00, 0x00, 0x00, 0x00, 0x00, 
    0x00, 0x00, 0x00, 0x00, 0x00, 0x00, 0x00, 0x00, 0x00, 0x00, 0x00, 0x00, 0x00, 0x00, 0x00, 0x00, 
    0x01, 0xD1, 0x3B, 0x3F, 0x6E, 0xAA, 0x6D, 0x3E, 0x29, 0x69, 0x57, 0xEF, 0xCB, 0xA7, 0x1F, 0x3A, 
    0x53, 0xC2, 0xBD, 0xFF, 0x00, 0xB7, 0xC9, 0xF9, 0xFA, 0x53, 0xDA, 0xDD, 0xD8, 0xD6, 0x94, 0x9C, 
    0x7E, 0x1A, 0x73, 0x7C, 0xC8, 0xB1, 0x7E, 0xF5, 0x99, 0xDA, 0xCC, 0xC6, 0xB9, 0xD1, 0x76, 0xD4, 
    0xE3, 0x76, 0xDC, 0xBE, 0x4C, 0xA3, 0xE5, 0x7D, 0x14, 0xE1, 0xEE, 0xE0, 0xC7, 0xDD, 0x5B, 0x2F, 
    0x48, 0xDC, 0x56, 0xA5, 0xDD, 0x9B, 0x8B, 0x0B, 0x95, 0xFD, 0x7D, 0x3D, 0xFF, 0x00, 0xBF, 0x9A, 
    0xF3, 0xD9, 0x8E, 0x4B, 0x8E, 0x85, 0x4B, 0x39, 0xBC, 0xB9, 0xB5, 0xE7, 0x6B, 0x78, 0xBE, 0xC6, 
    0xEE, 0x95, 0xFC, 0x9F, 0x6F, 0x94, 0x7F, 0x06, 0xD8, 0x02, 0xD8, 0x54, 0x00, 0x00, 0x00, 0x00, 
    0x00, 0xC5, 0x48, 0xD3, 0xCB, 0x4F, 0x53, 0x06, 0x45, 0xEB, 0x76, 0x2C, 0xCE, 0xED, 0xD9, 0x46, 
    0x30, 0x87, 0x8A, 0xB5, 0x95, 0x55, 0xBB, 0x76, 0xDD, 0xA8, 0x56, 0xED, 0xC9, 0x74, 0xC6, 0x3E, 
    0xD2, 0x20, 0xF6, 0x80, 0xE3, 0xF4, 0xB7, 0x35, 0xDB, 0xFB, 0x2F, 0x67, 0xE5, 0x56, 0x1A, 0x65, 
    0xBF, 0x06, 0x5E, 0x55, 0xB9, 0x7F, 0xF2, 0x6B, 0xF2, 0x23, 0xF4, 0x3E, 0x97, 0xB5, 0xF5, 0x51, 
    0xFC, 0xE6, 0x76, 0xDF, 0x09, 0x6F, 0xDB, 0x56, 0xF1, 0xF2, 0x87, 0x56, 0x6F, 0x4F, 0xE9, 0xFB, 
    0xAD, 0x45, 0x77, 0x0B, 0x7B, 0x78, 0x7B, 0xE3, 0xD1, 0xE8, 0xF1, 0x9B, 0xB4, 0xE6, 0xA1, 0x95, 
    0x91, 0x91, 0xB6, 0xF8, 0x73, 0x97, 0xE8, 0xB1, 0x21, 0xD5, 0x6E, 0xFE, 0xA7, 0x4F, 0x14, 0xAE, 
    0xCB, 0xFC, 0x9F, 0x8A, 0x9F, 0x4B, 0xF0, 0xA3, 0xCE, 0x56, 0x6E, 0x56, 0x7E, 0x4D, 0x72, 0xB5, 
    0x0C, 0x8B, 0xF9, 0x17, 0xE5, 0xE2, 0x9D, 0xEB, 0xD3, 0x95, 0xC9, 0x4B, 0xED, 0x93, 0x0C, 0x69, 
    0xD1, 0x1E, 0x93, 0xCB, 0xE7, 0x6B, 0xDE, 0x67, 0x50, 0xDE, 0x66, 0x6B, 0xF6, 0xB5, 0x67, 0xFC, 
    0x3C, 0xA0, 0xD9, 0xFC, 0x06, 0x95, 0xB0, 0xC0, 0xDB, 0xF6, 0x74, 0x64, 0xEF, 0x75, 0xF3, 0x8A, 
    0xD9, 0x56, 0x91, 0x9F, 0x57, 0xA3, 0x74, 0x6E, 0x1A, 0xF1, 0xDB, 0x7C, 0x70, 0xF3, 0x2E, 0x30, 
    0x8E, 0x75, 0xFD, 0x4F, 0x4B, 0x97, 0x86, 0xE6, 0x16, 0x54, 0xF9, 0xF4, 0xC7, 0xFC, 0xA9, 0xFB, 
    0x35, 0xFC, 0xAE, 0x7B, 0x5A, 0xFC, 0xEA, 0x31, 0xF6, 0x19, 0x6B, 0xBC, 0x75, 0x48, 0x55, 0xB7, 
    0x9F, 0x74, 0x59, 0x1C, 0xA6, 0x0E, 0xC7, 0x2F, 0x47, 0xB0, 0xB9, 0xA7, 0xBE, 0x0F, 0xA1, 0x3C, 
    0x3B, 0xE2, 0x7E, 0xD4, 0xE2, 0x46, 0x99, 0xEE, 0xED, 0x03, 0x2F, 0x9C, 0xE1, 0xFD, 0x75, 0x8B, 
    0x9E, 0x1B, 0xD6, 0x65, 0xF4, 0xA3, 0xFF, 0x00, 0x2D, 0xCE, 0x12, 0x97, 0x4C, 0xBF, 0xDD, 0xF3, 
    0x4F, 0x40, 0xD7, 0xF5, 0xBD, 0xA9, 0xA9, 0xDA, 0xD6, 0xB4, 0x0D, 0x42, 0xEE, 0x16, 0x66, 0x3F, 
    0x96, 0x70, 0xAF, 0xE4, 0x97, 0xCB, 0x8F, 0xD1, 0x4B, 0x7E, 0x0F, 0x76, 0x93, 0xD2, 0xF7, 0x95, 
    0x6D, 0x68, 0x7B, 0xAA, 0x56, 0xB4, 0xFD, 0x62, 0x7E, 0x18, 0x4F, 0xAF, 0x95, 0x9C, 0x99, 0x7D, 
    0x09, 0x7C, 0x15, 0xFA, 0x2B, 0xBF, 0x4C, 0xEB, 0x9B, 0x7C, 0xA6, 0xEB, 0x7B, 0xAE, 0xE5, 0x4F, 
    0xCA, 0x2D, 0x7B, 0xD5, 0xBB, 0x3E, 0xBA, 0xC2, 0xCD, 0x1B, 0x8B, 0x4E, 0xFD, 0x1F, 0xCE, 0x0E, 
    0xF8, 0x31, 0xDA, 0x9D, 0x27, 0x4E, 0x71, 0xAF, 0x3A, 0x2F, 0xE7, 0x4F, 0x8D, 0x62, 0x42, 0x3B, 
    0xD5, 0xC7, 0x82, 0xA0, 0x39, 0x00, 0x00, 0x00, 0x00, 0x00, 0x00, 0x00, 0x00, 0x5B, 0x25, 0xC0, 
    0x38, 0x8F, 0x6A, 0xDD, 0x6E, 0x1A, 0x5F, 0x0A, 0xF2, 0x70, 0x23, 0x2E, 0x57, 0x35, 0x5C, 0xAC, 
    0x7C, 0x58, 0xFD, 0x5E, 0xBE, 0xB9, 0x7E, 0x58, 0xA1, 0x54, 0x7C, 0xD1, 0x49, 0x6E, 0xD9, 0xBA, 
    0xCC, 0x65, 0x9F, 0xB7, 0x36, 0xF4, 0x6E, 0x77, 0x52, 0x37, 0xB3, 0x2E, 0x43, 0xF7, 0x47, 0xF9, 
    0x91, 0xA6, 0x9F, 0x03, 0x5D, 0xB6, 0x87, 0x75, 0xDB, 0xE6, 0x23, 0x24, 0xBF, 0x66, 0x10, 0x83, 
    0x66, 0xB6, 0x5B, 0x63, 0xE8, 0xB8, 0x38, 0x55, 0x8F, 0xFE, 0x91, 0x8C, 0x7F, 0x6F, 0xD8, 0x01, 
    0x5E, 0xAC, 0xB0, 0x00, 0x00, 0x00, 0x00, 0x00, 0x00, 0x00, 0x00, 0x00, 0x00, 0x00, 0x00, 0x00, 
    0x00, 0x00, 0x00, 0x00, 0x00, 0x00, 0x00, 0x00, 0x00, 0x00, 0x00, 0x00, 0x00, 0x00, 0x00, 0x00, 
    0x00, 0x00, 0x00, 0x00, 0x00, 0x00, 0x00, 0x00, 0x00, 0x00, 0x07, 0x30, 0x14, 0x8F, 0x86, 0xB5, 
    0x97, 0xC6, 0x97, 0xBD, 0x90, 0x77, 0x47, 0xE9, 0x1D, 0x9D, 0x9F, 0xB5, 0xEF, 0xDE, 0x8D, 0x6E, 
    0xE9, 0x39, 0x3D, 0x56, 0xE9, 0xFE, 0x4D, 0xDF, 0x1F, 0xF1, 0x75, 0xA2, 0x14, 0x3C, 0x94, 0x75, 
    0x6E, 0xCC, 0x3B, 0xAB, 0xFA, 0x3F, 0xC5, 0x3C, 0x4C, 0x4B, 0xB2, 0xE8, 0xC7, 0xD6, 0x2D, 0xD7, 
    0x0E, 0x7C, 0xFE, 0x5F, 0x9A, 0xD7, 0xEF, 0xA7, 0xE6, 0x4D, 0xF4, 0x46, 0x4B, 0xE8, 0xFC, 0xBD, 
    0x38, 0xCD, 0xF5, 0x66, 0xE5, 0xF1, 0xFE, 0x50, 0x0D, 0xA1, 0xE2, 0xBE, 0x93, 0xC2, 0x55, 0x9A, 
    0x5F, 0xAD, 0x4F, 0x9F, 0xC3, 0xF8, 0x4E, 0xE1, 0x6C, 0x6B, 0x4E, 0x54, 0x5C, 0xD9, 0x36, 0xAC, 
    0x80, 0x00, 0x00, 0x31, 0x53, 0xA6, 0xB1, 0xF2, 0xF7, 0x31, 0x5D, 0xB9, 0x18, 0x5B, 0xAC, 0xA7, 
    0x5F, 0x0D, 0x3E, 0x75, 0x6E, 0x5C, 0xB7, 0x6E, 0x9D, 0x75, 0xEE, 0xA4, 0x68, 0x89, 0x9D, 0xA0, 
    0xF8, 0xFB, 0x4D, 0x56, 0xB7, 0xF6, 0x3E, 0xCB, 0xCA, 0xE9, 0xC6, 0x8F, 0x55, 0xAC, 0xEC, 0xDB, 
    0x52, 0xF3, 0xFC, 0xAB, 0x70, 0x97, 0xC5, 0xF2, 0xA4, 0xC0, 0xE7, 0x33, 0x76, 0xF8, 0x4B, 0x7F, 
    0x48, 0xAD, 0xE3, 0xE5, 0x0E, 0xAC, 0xC6, 0x07, 0x03, 0x77, 0xA8, 0x2E, 0xA1, 0x6B, 0x6F, 0xF8, 
    0xC7, 0xA3, 0x0F, 0x68, 0x5E, 0xD0, 0x35, 0xD5, 0xEE, 0x64, 0x6C, 0x8D, 0x95, 0x99, 0xCB, 0x4F, 
    0x8F, 0x55, 0xAC, 0xEC, 0xDB, 0x72, 0xFE, 0xBB, 0xFC, 0xA8, 0x7C, 0xDF, 0x2A, 0x5F, 0x0A, 0x3E, 
    0xD2, 0x31, 0xA4, 0xAB, 0x29, 0x77, 0x11, 0xEE, 0xA7, 0x54, 0xD5, 0xF3, 0xF8, 0x62, 0xD7, 0x3C, 
    0xDE, 0x6A, 0xE3, 0x35, 0x71, 0x1A, 0xD5, 0xE3, 0xFC, 0x36, 0x9F, 0x4E, 0xE9, 0xDB, 0x6D, 0x3B, 
    0x6B, 0x0B, 0x6B, 0x78, 0x73, 0xF3, 0x9B, 0xA8, 0x02, 0x3E, 0x93, 0x00, 0x38, 0x0A, 0xD4, 0x0E, 
    0x4E, 0xDA, 0x73, 0xC6, 0x48, 0xEF, 0x83, 0xE6, 0x79, 0x25, 0x9E, 0x5E, 0x19, 0x9D, 0xD7, 0x83, 
    0xDD, 0xA5, 0xF5, 0x4D, 0xAB, 0x3B, 0x3A, 0x16, 0xF7, 0xB9, 0x7F, 0x51, 0xD2, 0xA9, 0xE0, 0x8E, 
    0x6F, 0x2E, 0x77, 0xB1, 0xE3, 0xF4, 0xFF, 0x00, 0xC5, 0xA7, 0xE7, 0xFA, 0xC9, 0x6D, 0xA2, 0x6B, 
    0xBA, 0x46, 0xE2, 0xD3, 0xED, 0x6A, 0xFA, 0x26, 0xA5, 0x67, 0x2F, 0x12, 0xF4, 0x7A, 0xAD, 0xDD, 
    0xB7, 0x2E, 0x74, 0xAB, 0xE6, 0x9C, 0x63, 0xD1, 0xE1, 0x8C, 0x7C, 0x0D, 0xBF, 0x86, 0xFC, 0x54, 
    0xDD, 0x1C, 0x31, 0xD4, 0xBD, 0xD9, 0xA0, 0xE5, 0x7A, 0x4C, 0x2B, 0xB5, 0xEA, 0xC8, 0xC2, 0xBD, 
    0x2F, 0x7A, 0xBD, 0xFF, 0x00, 0x59, 0x7D, 0x28, 0xAD, 0x0D, 0x2F, 0xAF, 0x6A, 0x59, 0xF0, 0xDA, 
    0xDF, 0xF3, 0x93, 0xAF, 0x9C, 0x14, 0xF6, 0xAE, 0xD9, 0xAD, 0x1B, 0xDE, 0x2B, 0xCC, 0x5F, 0x2A, 
    0x9F, 0x77, 0xCA, 0x3F, 0x28, 0xBE, 0x88, 0xF3, 0xA1, 0xCA, 0x9C, 0xBD, 0x4E, 0x75, 0xC3, 0x2E, 
    0x30, 0xED, 0x8E, 0x27, 0xE0, 0xF5, 0xE9, 0xB9, 0x1E, 0x83, 0x3A, 0xD4, 0x7D, 0xFF, 0x00, 0x0E, 
    0xED, 0x7A, 0x6F, 0x5B, 0xFF, 0x00, 0xB5, 0x3E, 0x95, 0x1D, 0x12, 0x35, 0xEE, 0xEF, 0xAA, 0xEB, 
    0xB3, 0xBC, 0xA3, 0x7B, 0x4A, 0x15, 0xA8, 0x4D, 0xBE, 0x11, 0x50, 0x77, 0x56, 0xB5, 0xEC, 0x6B, 
    0x46, 0x85, 0xC4, 0x9C, 0x33, 0x41, 0x94, 0x5B, 0x15, 0x5E, 0xB7, 0x4A, 0xA0, 0x00, 0x00, 0x00, 
    0x00, 0x00, 0x0B, 0x67, 0xE5, 0x56, 0x95, 0xAB, 0x0E, 0x44, 0xE3, 0x6A, 0xCD, 0xDB, 0x95, 0x97, 
    0x2A, 0x52, 0x35, 0xAD, 0x5F, 0x13, 0xC7, 0x82, 0x58, 0xC5, 0xCC, 0xBD, 0xE8, 0xEE, 0x41, 0x7E, 
    0xD2, 0xFA, 0xD7, 0xE9, 0x9E, 0x2D, 0x6A, 0x51, 0xB7, 0x73, 0xAE, 0xDE, 0x0D, 0x9B, 0x38, 0x70, 
    0xFD, 0x74, 0xA7, 0x5D, 0x7F, 0x7C, 0x9C, 0xAB, 0xE0, 0xEE, 0x7A, 0xDB, 0xAF, 0x58, 0x96, 0xBB, 
    0xBA, 0x35, 0x6D, 0x66, 0x73, 0xEB, 0xF7, 0x6E, 0x6D, 0xFB, 0xF0, 0xFA, 0x92, 0x97, 0x83, 0xF2, 
    0x74, 0xBC, 0x98, 0xB5, 0x53, 0x3B, 0x75, 0xE9, 0x99, 0x1A, 0xB5, 0xFA, 0xC6, 0x2D, 0xC4, 0xD3, 
    0x36, 0x51, 0xC7, 0xE2, 0xA8, 0x5B, 0xF4, 0x96, 0x0A, 0x80, 0xC1, 0x24, 0x00, 0x00, 0x00, 0x00, 
    0x00, 0x00, 0x00, 0x00, 0x00, 0x00, 0x00, 0x00, 0x00, 0x00, 0x00, 0x00, 0x00, 0x00, 0x00, 0x00, 
    0x00, 0x00, 0x00, 0x00, 0x00, 0x00, 0x00, 0x00, 0x00, 0x00, 0x00, 0x00, 0x00, 0x00, 0x00, 0x00, 
    0x00, 0x00, 0x00, 0x00, 0x00, 0x53, 0xBA, 0x8F, 0xD1, 0xA7, 0x67, 0xDE, 0xD2, 0xF3, 0xB1, 0x75, 
    0x4C, 0x69, 0x72, 0xBF, 0x89, 0x7A, 0x37, 0x6D, 0xD7, 0xE9, 0x46, 0x5D, 0x4F, 0xCF, 0x5A, 0x7C, 
    0x03, 0xD5, 0x6F, 0x5A, 0x36, 0xF5, 0x25, 0xA9, 0x07, 0x9A, 0xEA, 0xDE, 0x4B, 0x9A, 0x33, 0x52, 
    0x9F, 0xCD, 0xF4, 0x93, 0x6B, 0xEB, 0x58, 0x9B, 0x8F, 0x6F, 0x69, 0xBA, 0xE6, 0x1D, 0xCA, 0x4A, 
    0xC6, 0x76, 0x34, 0x2F, 0x43, 0xED, 0x8F, 0x37, 0xB1, 0xD1, 0x1A, 0x52, 0x11, 0x70, 0xBE, 0xC9, 
    0xBB, 0xBA, 0x9A, 0xD6, 0xC4, 0xBD, 0xB7, 0xEF, 0xDE, 0xEB, 0xBD, 0xA1, 0x5D, 0x95, 0x88, 0xD3, 
    0xDA, 0xF4, 0x35, 0xEF, 0x87, 0xFC, 0xC7, 0xEE, 0x3B, 0xA5, 0x2B, 0x19, 0x52, 0x8D, 0xAC, 0xC2, 
    0xDE, 0xC3, 0x23, 0x65, 0x4E, 0xE6, 0x1E, 0x70, 0x69, 0xA6, 0x67, 0x1F, 0x36, 0x33, 0x21, 0x5A, 
    0xD6, 0x7F, 0xB3, 0x37, 0xFC, 0x67, 0x14, 0x2A, 0xCA, 0xB1, 0xCB, 0x2B, 0xE5, 0xF1, 0x2C, 0x9D, 
    0xDB, 0x70, 0xB7, 0x59, 0xCA, 0x5C, 0xA3, 0x16, 0x3A, 0x4A, 0xDC, 0x63, 0x1A, 0xD2, 0x5C, 0xE9, 
    0x4E, 0xAF, 0x81, 0x16, 0xBB, 0x42, 0x71, 0xFA, 0x93, 0x9E, 0x46, 0xC7, 0xD9, 0x79, 0x7D, 0x14, 
    0x8D, 0x65, 0x6B, 0x3F, 0x3A, 0xCC, 0xFC, 0xBF, 0x2A, 0xCC, 0x2B, 0xF2, 0xBE, 0x55, 0x7E, 0xC6, 
    0x17, 0x35, 0x9A, 0xB7, 0xC2, 0xDB, 0xC6, 0xE2, 0xE3, 0xF0, 0xF6, 0xB2, 0xD8, 0x3C, 0x1D, 0xDE, 
    0x7A, 0xEA, 0x5B, 0x5B, 0x58, 0x7B, 0xFD, 0x8B, 0x3B, 0x44, 0xF6, 0x80, 0x8E, 0x4C, 0xB2, 0x76, 
    0x3E, 0xC9, 0xCE, 0xF7, 0x9E, 0xFB, 0x79, 0xD9, 0xB6, 0xA5, 0xE6, 0xF9, 0x56, 0xAD, 0xCB, 0xF8, 
    0xAB, 0xF6, 0x23, 0x75, 0x7A, 0x69, 0xE2, 0x3A, 0x7E, 0x52, 0xB5, 0x8F, 0x3A, 0x35, 0xCF, 0x3D, 
    0x9D, 0xB8, 0xCE, 0x5C, 0x76, 0xD5, 0xBF, 0x08, 0x74, 0x6D, 0x46, 0x9A, 0xD3, 0x76, 0xBA, 0x76, 
    0xD2, 0x14, 0x68, 0x7D, 0x6F, 0x38, 0xF5, 0x00, 0x46, 0xD2, 0x70, 0x07, 0x00, 0x00, 0x00, 0x00, 
    0x03, 0x91, 0xFA, 0x74, 0xBD, 0x57, 0x50, 0xD1, 0xB5, 0x0B, 0x3A, 0x9E, 0x93, 0x9B, 0x77, 0x17, 
    0x2A, 0xCD, 0x79, 0xDB, 0xBD, 0x66, 0xBC, 0xA5, 0x44, 0xA8, 0xE0, 0xF7, 0x69, 0xBC, 0x2D, 0x7A, 
    0xE5, 0xAD, 0xBF, 0xBF, 0xAE, 0x5A, 0xC2, 0xD4, 0x27, 0x1F, 0x47, 0x6B, 0x37, 0xD5, 0x67, 0x23, 
    0xF5, 0xD3, 0xD8, 0x97, 0xEE, 0x44, 0xC9, 0x52, 0x55, 0xF2, 0x57, 0xF5, 0xAE, 0xA7, 0x39, 0x7A, 
    0x92, 0xAC, 0x0E, 0xA5, 0xBD, 0xC1, 0xD5, 0xDF, 0x46, 0x6E, 0xE7, 0x9C, 0x3C, 0x90, 0xFD, 0x49, 
    0xA4, 0x2C, 0x75, 0x1D, 0x0D, 0xD5, 0xE5, 0xDD, 0x3F, 0x94, 0x7C, 0xE0, 0xFA, 0x71, 0x09, 0xD8, 
    0xB9, 0x08, 0x56, 0x15, 0xA4, 0xA1, 0xF0, 0x2F, 0x9D, 0x69, 0xCE, 0xBC, 0xBF, 0x6A, 0x12, 0x70, 
    0x83, 0xB4, 0x4E, 0xB5, 0xB0, 0x6E, 0xDA, 0xD1, 0x37, 0x1D, 0x6E, 0xEA, 0xBA, 0x27, 0x96, 0x1D, 
    0xFC, 0xEF, 0x63, 0x47, 0xE6, 0xAF, 0xB7, 0x1F, 0x99, 0x2F, 0xF6, 0xA6, 0xEE, 0xD0, 0x77, 0x8E, 
    0x95, 0x6B, 0x58, 0xD0, 0x75, 0x0B, 0x39, 0x78, 0xB7, 0xBC, 0xB3, 0xB7, 0x3F, 0x57, 0xCD, 0x5F, 
    0x8A, 0xBF, 0x32, 0xFB, 0xC1, 0x6A, 0x6B, 0x2C, 0xE5, 0x3D, 0xF4, 0xE6, 0xDD, 0x37, 0x4F, 0x36, 
    0xB6, 0xEA, 0x2D, 0x2B, 0x90, 0xD3, 0x95, 0xB8, 0x2E, 0x24, 0xDF, 0x27, 0x94, 0xDE, 0x4D, 0x90, 
    0x04, 0x95, 0x1C, 0x00, 0x00, 0x00, 0x00, 0x05, 0x94, 0x97, 0x7F, 0x26, 0x93, 0xC5, 0xED, 0x77, 
    0xFA, 0x33, 0xC3, 0x8D, 0xC1, 0xAB, 0xD2, 0xE7, 0x4D, 0xCB, 0x58, 0x53, 0xA5, 0xAF, 0xAF, 0x58, 
    0xF2, 0x8F, 0xE6, 0xAB, 0x74, 0x8F, 0x9A, 0xAE, 0x13, 0xDA, 0xF7, 0x5C, 0xFD, 0x1D, 0xC3, 0xBC, 
    0x7D, 0x36, 0x12, 0xE5, 0x2D, 0x53, 0x3A, 0xD5, 0xAF, 0xB2, 0x1E, 0xFB, 0x5F, 0xE0, 0xA3, 0x0F, 
    0x9C, 0xBA, 0xF4, 0x3C, 0x75, 0x6A, 0xDD, 0x21, 0x16, 0x5B, 0x03, 0x67, 0xE9, 0xD9, 0x3A, 0x16, 
    0xF0, 0xF3, 0x9A, 0x08, 0x6F, 0xE5, 0x01, 0xAA, 0x35, 0x27, 0xE3, 0x9A, 0x33, 0x37, 0x32, 0x9C, 
    0x9C, 0x12, 0x42, 0x50, 0x07, 0x53, 0xEC, 0x00, 0x00, 0x00, 0x00, 0x00, 0x00, 0x00, 0x00, 0x00, 
    0x00, 0x00, 0x00, 0x00, 0x00, 0x00, 0x00, 0x00, 0x00, 0x00, 0x00, 0x00, 0x00, 0x00, 0x00, 0x00, 
    0x00, 0x00, 0x00, 0x00, 0x00, 0x00, 0x00, 0x00, 0x00, 0x00, 0x00, 0x00, 0x00, 0x00, 0x00, 0x00, 
    0x1C, 0x8D, 0xB3, 0x85, 0x7C, 0x45, 0xD4, 0xB8, 0x63, 0xBA, 0x2D, 0xEB, 0x98, 0x14, 0x94, 0xF1, 
    0xE7, 0x4F, 0x41, 0x97, 0x63, 0x9F, 0x2F, 0x4D, 0x6B, 0xFE, 0xDF, 0x0C, 0x53, 0xAB, 0x65, 0xEF, 
    0xDD, 0xB3, 0xBE, 0xF4, 0xBB, 0x7A, 0xB6, 0xDF, 0xD4, 0xAD, 0xE4, 0xDB, 0x9F, 0x9E, 0x1E, 0xA9, 
    0xDB, 0x97, 0xC5, 0x5A, 0x7C, 0x12, 0x7C, 0xE8, 0xE7, 0xCF, 0xD4, 0xFD, 0xDA, 0x36, 0xBD, 0xAD, 
    0xED, 0xAC, 0xBA, 0x67, 0xE8, 0x7A, 0xB6, 0x56, 0x16, 0x4D, 0x3D, 0xBB, 0x17, 0x39, 0x57, 0xFF, 
    0x00, 0xB2, 0xC1, 0xD2, 0xDA, 0xCE, 0xB6, 0x0F, 0xD4, 0x55, 0x87, 0x15, 0x3F, 0xD3, 0xDC, 0xAC, 
    0xF5, 0x96, 0x80, 0xA5, 0xA8, 0xE6, 0xF4, 0xAB, 0x78, 0xF0, 0x56, 0xFD, 0x7D, 0xEF, 0xA5, 0xD5, 
    0x97, 0x28, 0xF9, 0xA9, 0x26, 0x3B, 0xB9, 0x16, 0xAC, 0xC2, 0xB7, 0x2E, 0xDE, 0x8C, 0x23, 0x1F, 
    0x15, 0x6B, 0x29, 0x7A, 0x90, 0x6F, 0x0F, 0xB4, 0xDF, 0x18, 0x2C, 0x58, 0xF4, 0x37, 0x35, 0xAC, 
    0x4B, 0xF5, 0xFF, 0x00, 0x12, 0xF6, 0x1C, 0x39, 0xFE, 0x4E, 0x96, 0xAB, 0xB9, 0xF8, 0xA7, 0xBF, 
    0xB7, 0x7D, 0xBA, 0xD9, 0xDC, 0x1B, 0x97, 0x2A, 0xED, 0x89, 0x79, 0xAC, 0x5B, 0xA5, 0x2C, 0xC2, 
    0x5F, 0x64, 0x3C, 0xC9, 0xE5, 0x7D, 0xA6, 0xE3, 0xA5, 0x93, 0x7D, 0x29, 0x63, 0x19, 0x95, 0xB5, 
    0xB6, 0xC9, 0xF3, 0x13, 0xD6, 0xE1, 0xAF, 0x34, 0xB2, 0xCB, 0xF1, 0x76, 0xEE, 0x3D, 0x76, 0x8C, 
    0xA5, 0xEB, 0x59, 0x1B, 0x47, 0x87, 0xFA, 0x8F, 0xA5, 0xEB, 0xF0, 0x65, 0xE7, 0xD9, 0xAF, 0x2A, 
    0x46, 0x3F, 0x22, 0x12, 0xFF, 0x00, 0x7A, 0xFE, 0xC4, 0x67, 0xEA, 0xE5, 0x1E, 0xA9, 0xF7, 0x2E, 
    0xEE, 0x97, 0x95, 0x6D, 0x61, 0xCE, 0x3E, 0x38, 0xFD, 0x8A, 0x9B, 0x3B, 0x9E, 0xB9, 0xCE, 0xD6, 
    0xED, 0xAB, 0xCD, 0xDD, 0xF2, 0x87, 0x45, 0xD9, 0xA6, 0xF4, 0xD5, 0xAE, 0x9B, 0xB6, 0xEC, 0x2D, 
    0xE1, 0xDE, 0xF3, 0x9B, 0xCE, 0x2A, 0x80, 0x8D, 0x25, 0x20, 0x00, 0x00, 0x00, 0x00, 0x00, 0x00, 
    0x00, 0x00, 0xE4, 0x53, 0x97, 0x28, 0xB6, 0x4D, 0x8B, 0xC4, 0x4D, 0xCF, 0xC3, 0xFD, 0x53, 0xF4, 
    0xA6, 0xDD, 0xCE, 0xF4, 0x71, 0x97, 0xF5, 0xD8, 0xD7, 0x3B, 0xEC, 0xDE, 0xA7, 0xD2, 0xA7, 0xF3, 
    0x35, 0xC3, 0x97, 0xCC, 0xC8, 0x59, 0x5F, 0x56, 0xB1, 0xA9, 0x0A, 0xD4, 0x26, 0xDD, 0x34, 0x18, 
    0xFB, 0xFC, 0x7D, 0xBE, 0x4E, 0x8C, 0x6D, 0xEE, 0xA4, 0xE2, 0x96, 0x29, 0xDD, 0xC2, 0x5E, 0x39, 
    0xED, 0xAE, 0x28, 0x63, 0xD3, 0x1E, 0xD5, 0xC8, 0xE9, 0xFA, 0xB4, 0x21, 0xD5, 0x7B, 0x4F, 0xBD, 
    0x3F, 0x1F, 0xD6, 0x85, 0x7D, 0xA8, 0xBA, 0x75, 0x67, 0xCB, 0x9F, 0x8B, 0xD4, 0xF9, 0x91, 0x8B, 
    0x99, 0x99, 0x83, 0x95, 0x6B, 0x3B, 0x0B, 0x22, 0xE6, 0x36, 0x45, 0x89, 0xF5, 0xDB, 0xBB, 0x6E, 
    0x5C, 0xA5, 0x19, 0x7D, 0x19, 0x24, 0xD7, 0x07, 0x7B, 0x51, 0xC2, 0xF5, 0x6D, 0x68, 0x1C, 0x49, 
    0xBB, 0x1B, 0x53, 0xFE, 0xAE, 0xDE, 0xA9, 0xE5, 0xB5, 0x5F, 0xF5, 0xBE, 0x4C, 0xBE, 0x97, 0x97, 
    0xEA, 0xAE, 0xBD, 0x33, 0xAF, 0xA8, 0xDF, 0x70, 0xDB, 0x64, 0x39, 0x4F, 0xD7, 0xCA, 0x2D, 0x7F, 
    0xD5, 0xDB, 0x37, 0xB8, 0xC5, 0xF1, 0x5D, 0xE3, 0xBB, 0xF4, 0xFA, 0x79, 0xC3, 0xE6, 0x94, 0x74, 
    0xA1, 0x5A, 0x73, 0x60, 0xB1, 0x91, 0x6F, 0x22, 0xDD, 0x2F, 0x5A, 0x9C, 0x67, 0x0A, 0xC7, 0xAA, 
    0x92, 0x84, 0xF9, 0xD2, 0xAC, 0xDD, 0x4B, 0x32, 0x59, 0xE1, 0x3C, 0x37, 0xCA, 0xAA, 0xE3, 0x08, 
    0xCB, 0xCA, 0x2B, 0x80, 0x7D, 0xB8, 0x00, 0x06, 0x39, 0x47, 0xC5, 0x4E, 0xF4, 0x47, 0xED, 0x91, 
    0xAE, 0xC3, 0x2B, 0x72, 0x68, 0x7A, 0x04, 0x65, 0x1A, 0xD3, 0x0F, 0x16, 0xEE, 0x44, 0xA9, 0xF4, 
    0xAE, 0xCA, 0x91, 0x8F, 0xEE, 0x82, 0x5B, 0x5C, 0x97, 0x2A, 0x56, 0xA8, 0x11, 0xDA, 0x17, 0x5C, 
    0xB7, 0xAE, 0x71, 0x77, 0x5E, 0xB9, 0x6A, 0xE7, 0x5D, 0xBC, 0x29, 0xC3, 0x0A, 0x9F, 0xFA, 0xA9, 
    0xE2, 0xFC, 0xDD, 0x4A, 0xFF, 0x00, 0x68, 0x97, 0x9D, 0x86, 0x23, 0xB2, 0x97, 0xED, 0xC6, 0x10, 
    0xFD, 0xD6, 0x26, 0xCC, 0x6C, 0xBD, 0x2B, 0x3B, 0x25, 0x5F, 0xED, 0xC2, 0x31, 0xFD, 0xBF, 0x77, 
    0x39, 0x01, 0xAE, 0x8D, 0xA1, 0x00, 0x00, 0x00, 0x00, 0x00, 0x00, 0x00, 0x00, 0x00, 0x00, 0x00, 
    0x00, 0x00, 0x00, 0x00, 0x00, 0x00, 0x00, 0x00, 0x00, 0x00, 0x00, 0x00, 0x00, 0x00, 0x00, 0x00, 
    0x00, 0x00, 0x00, 0x00, 0x00, 0x00, 0x00, 0x00, 0x00, 0x00, 0x00, 0x00, 0x00, 0x00, 0x00, 0x00, 
    0x00, 0x07, 0x20, 0x03, 0x80, 0x00, 0x00, 0x00, 0x00, 0x00, 0x00, 0x00, 0x00, 0x00, 0x00, 0x00, 
    0x00, 0x00, 0x00, 0x52, 0xB5, 0xE4, 0xEC, 0x84, 0x63, 0x07, 0x11, 0x96, 0x13, 0x72, 0x8B, 0xA8, 
    0x70, 0x87, 0x8F, 0x5B, 0x97, 0x86, 0xF7, 0xED, 0xE0, 0xDF, 0xF4, 0xBA, 0x96, 0x83, 0xED, 0xE2, 
    0xD6, 0xBE, 0x2B, 0x7F, 0x3D, 0xAA, 0xFF, 0x00, 0x2F, 0x95, 0x32, 0x36, 0x56, 0xFB, 0xDB, 0x3B, 
    0xF3, 0x48, 0x86, 0xB3, 0xB7, 0x35, 0x0B, 0x79, 0x56, 0xE5, 0xE7, 0x8F, 0xAA, 0x76, 0xE5, 0xF2, 
    0x6B, 0x4F, 0x82, 0x4F, 0x9D, 0x1D, 0x5D, 0xFD, 0xD1, 0x7B, 0x1B, 0x4F, 0x7A, 0x6E, 0x1D, 0x8B, 
    0xAA, 0x43, 0x5B, 0xDB, 0x3A, 0x95, 0xDC, 0x6C, 0x98, 0x79, 0xA1, 0x4E, 0xFB, 0x57, 0xA9, 0xF2, 
    0x67, 0x1F, 0x6A, 0x8B, 0x1F, 0x4C, 0x6B, 0x9B, 0x8C, 0x5C, 0x65, 0xB7, 0xBA, 0xEF, 0xD3, 0xFC, 
    0xE0, 0xAA, 0xF5, 0x76, 0xCE, 0x6D, 0xB2, 0xF2, 0xC6, 0xEA, 0xC7, 0xB9, 0x5B, 0xF2, 0x8F, 0xBF, 
    0xE6, 0xFA, 0x4F, 0x5A, 0xFC, 0x5C, 0x88, 0xF3, 0xEE, 0xEE, 0x71, 0x6E, 0x16, 0x76, 0x8D, 0xDB, 
    0x5B, 0xEE, 0x36, 0x34, 0xCD, 0x6A, 0xED, 0x8D, 0x27, 0x58, 0x94, 0x79, 0x4A, 0xC5, 0xD9, 0xF4, 
    0x42, 0xF4, 0xFF, 0x00, 0xCB, 0xAC, 0xBF, 0x87, 0xCC, 0xEC, 0x76, 0xEF, 0x5B, 0xAD, 0x39, 0xC6, 
    0xE4, 0x65, 0x4F, 0x8F, 0x9A, 0xF0, 0xB0, 0xC9, 0xDA, 0xE4, 0xE8, 0xF6, 0xD6, 0xD3, 0xEF, 0x83, 
    0x5E, 0xEF, 0xF1, 0xB7, 0x98, 0xBA, 0xFE, 0x8F, 0x75, 0x4F, 0x86, 0x2C, 0xFC, 0xBE, 0x65, 0x3D, 
    0xA5, 0xBD, 0x7C, 0xE5, 0x4A, 0xCA, 0xBD, 0x2D, 0x4B, 0x7B, 0xF1, 0x17, 0x6B, 0xF0, 0xFF, 0x00, 
    0x4F, 0xAE, 0xA1, 0xAF, 0xEA, 0xB6, 0xAC, 0x7F, 0x87, 0x6E, 0x52, 0xE7, 0x39, 0xFD, 0x58, 0xF9, 
    0xA4, 0xEF, 0xAF, 0x73, 0x46, 0xDE, 0x4E, 0x3A, 0xB3, 0xEE, 0x83, 0xCF, 0x46, 0x85, 0x5B, 0x8A, 
    0x90, 0xA5, 0x42, 0x5E, 0x29, 0xA2, 0x71, 0x1F, 0x79, 0xE9, 0xFB, 0x13, 0x68, 0x6A, 0x3B, 0x9B, 
    0x37, 0xA6, 0x94, 0xC5, 0xB5, 0xEF, 0x50, 0xEB, 0xFE, 0xB6, 0x7F, 0x04, 0x7F, 0x6B, 0xE7, 0x9E, 
    0x66, 0x65, 0xED, 0x57, 0x2A, 0xFE, 0xAD, 0x97, 0x73, 0xD2, 0xE4, 0x65, 0x5E, 0x9D, 0xFB, 0xB5, 
    0xF9, 0x52, 0x9C, 0xBA, 0xA6, 0xDF, 0x78, 0xC5, 0xC5, 0xFD, 0x53, 0x8A, 0xDA, 0xB4, 0x65, 0x72, 
    0x12, 0xC5, 0xD2, 0x71, 0x67, 0x2F, 0x72, 0xE2, 0xF5, 0xF8, 0xBA, 0xBE, 0x5C, 0xFE, 0x97, 0xF0, 
    0xB9, 0xE5, 0x3C, 0x34, 0xEE, 0xF5, 0x28, 0x1D, 0x71, 0xA9, 0x24, 0xCD, 0xDC, 0x42, 0x95, 0xBF, 
    0xD4, 0x93, 0xF3, 0x6C, 0xAE, 0xCE, 0xF4, 0xAC, 0xF8, 0x1B, 0x58, 0xD7, 0xBA, 0xFE, 0xB5, 0x4F, 
    0xCA, 0x1D, 0x17, 0x00, 0xAE, 0xD6, 0x60, 0x00, 0x00, 0x00, 0x00, 0x00, 0x00, 0x00, 0x00, 0x00, 
    0x00, 0x00, 0x00, 0x00, 0x00, 0x00, 0x00, 0x00, 0x00, 0x00, 0x00, 0x00, 0x00, 0x00, 0x00, 0x00, 
    0x00, 0x00, 0x00, 0x00, 0x00, 0x00, 0x00, 0x00, 0x00, 0x00, 0x00, 0x00, 0x00, 0x00, 0x00, 0x00, 
    0x00, 0x00, 0x00, 0x00, 0x00, 0x00, 0x00, 0x00, 0x00, 0x00, 0x00, 0x00, 0x00, 0x00, 0x00, 0x00, 
    0x00, 0x00, 0x00, 0x00, 0x00, 0x39, 0x0F, 0xD5, 0x4E, 0x6D, 0x97, 0x40, 0xE2, 0x77, 0x10, 0x36, 
    0xC4, 0x63, 0x5D, 0x13, 0x75, 0xEA, 0x56, 0x21, 0x6F, 0xD8, 0xF4, 0xFE, 0x96, 0xD7, 0xEC, 0x9F, 
    0x54, 0x5A, 0xDF, 0x3A, 0x7C, 0x9A, 0x28, 0xC8, 0x5A, 0xDF, 0xDC, 0x5A, 0xC7, 0x7D, 0x09, 0xE3, 
    0x2C, 0x7D, 0x8C, 0x65, 0xEE, 0x3A, 0xD3, 0x21, 0x0D, 0xD7, 0x54, 0xE5, 0x9A, 0x1E, 0xD6, 0xF9, 
    0xA8, 0xF1, 0xD7, 0x8B, 0x7A, 0x9D, 0x9F, 0x73, 0xE5, 0xEF, 0xAC, 0xEE, 0x8F, 0xF2, 0xE1, 0x6A, 
    0xCC, 0xBF, 0x14, 0x63, 0x16, 0x91, 0x9D, 0xA8, 0xE6, 0x6A, 0x19, 0x35, 0xCA, 0xD5, 0x35, 0x0C, 
    0x9C, 0xBB, 0xF2, 0xF3, 0x4E, 0xF5, 0xD9, 0xDC, 0x97, 0xED, 0x93, 0x15, 0x63, 0x6A, 0x3E, 0xA8, 
    0x94, 0xAC, 0xBD, 0x9B, 0x7F, 0xBD, 0xDD, 0x71, 0x95, 0xBC, 0xBC, 0xE5, 0x5A, 0xA4, 0x63, 0xEF, 
    0x8B, 0xAE, 0xD7, 0x0D, 0x8F, 0xB0, 0xEF, 0x5B, 0xD0, 0x96, 0x1E, 0xE8, 0x42, 0x00, 0x0C, 0x4B, 
    0x2E, 0x00, 0xE0, 0x00, 0x00, 0x00, 0x00, 0x00, 0x00, 0x00, 0x00, 0x00, 0x00, 0x00, 0x00, 0x00, 
    0x00, 0x00, 0x00, 0x00, 0x00, 0x00, 0x00, 0x00, 0x00, 0x00, 0x00, 0x00, 0x00, 0x00, 0x00, 0x00, 
    0x00, 0x00, 0x00, 0x00, 0x00, 0x00, 0x00, 0x00, 0x00, 0x00, 0x00, 0x00, 0x00, 0x00, 0x00, 0x00, 
    0x00, 0x00, 0x00, 0x00, 0x00, 0x00, 0x00, 0x00, 0x00, 0x00, 0x00, 0x00, 0x00, 0x00, 0x00, 0x00, 
    0x00, 0x00, 0x00, 0x00, 0x00, 0x00, 0x00, 0x00, 0x00, 0x00, 0x00, 0x00, 0x00, 0x00, 0x00, 0x00, 
    0x00, 0x00, 0x00, 0x00, 0x00, 0x00, 0x00, 0x00, 0x00, 0x00, 0x00, 0x00, 0x00, 0x00, 0x00, 0x00, 
    0x00, 0x00, 0x00, 0x00, 0x00, 0x00, 0x00, 0x00, 0x00, 0x00, 0x00, 0x00, 0x00, 0x00, 0x00, 0x00, 
    0x00, 0x00, 0x00, 0x00, 0x00, 0x00, 0x00, 0x00, 0x00, 0x00, 0x00, 0x00, 0x00, 0x00, 0x00, 0x00, 
    0x00, 0x00, 0x00, 0x00, 0x00, 0x00, 0x00, 0x00, 0x00, 0x00, 0x00, 0x00, 0x00, 0x00, 0x00, 0x00, 
    0x00, 0x00, 0x00, 0x00, 0x00, 0x00, 0x00, 0x00, 0x00, 0x00, 0x00, 0x00, 0x00, 0x00, 0x00, 0x00, 
    0x00, 0x00, 0x00, 0x00, 0x00, 0x00, 0x00, 0x00, 0x00, 0x00, 0x00, 0x00, 0x00, 0x00, 0x00, 0x00, 
    0x00, 0x00, 0x00, 0x00, 0x00, 0x00, 0x00, 0x00, 0x00, 0x00, 0x00, 0x00, 0x00, 0x00, 0x00, 0x00, 
    0x00, 0x00, 0x00, 0x00, 0x00, 0x00, 0x00, 0x00, 0x00, 0x00, 0x00, 0x00, 0x00, 0x00, 0x00, 0x00, 
    0x00, 0x00, 0x00, 0x00, 0x00, 0x00, 0x00, 0x00, 0x00, 0x00, 0x00, 0x00, 0x00, 0x00, 0x00, 0x00, 
    0x00, 0x00, 0x00, 0x00, 0x00, 0x00, 0x00, 0x00, 0x00, 0x00, 0x00, 0x00, 0x00, 0x00, 0x00, 0x00, 
    0x00, 0x00, 0x00, 0x00, 0x00, 0x00, 0x00, 0x00, 0x00, 0x00, 0x00, 0x00, 0x00, 0x00, 0x00, 0x00, 
    0x00, 0x00, 0x00, 0x00, 0x00, 0x00, 0x00, 0x00, 0x00, 0x00, 0x00, 0x00, 0x00, 0x00, 0x00, 0x00, 
    0x00, 0x00, 0x00, 0x00, 0x00, 0x00, 0x00, 0x00, 0x00, 0x00, 0x00, 0x00, 0x00, 0x00, 0x00, 0x00, 
    0x00, 0x00, 0x00, 0x00, 0x00, 0x00, 0x00, 0x00, 0x00, 0x00, 0x00, 0x00, 0x00, 0x00, 0x00, 0x00, 
    0x00, 0x00, 0x00, 0x00, 0x00, 0x00, 0x00, 0x00, 0x00, 0x00, 0x00, 0x00, 0x00, 0x00, 0x00, 0x00, 
    0x00, 0x00, 0x00, 0x00, 0x00, 0x00, 0x00, 0x00, 0x00, 0x00, 0x00, 0x00, 0x00, 0x00, 0x00, 0x00, 
    0x00, 0x00, 0x00, 0x00, 0x00, 0x00, 0x00, 0x00, 0x00, 0x00, 0x00, 0x00, 0x00, 0x00, 0x00, 0x00, 
    0x00, 0x00, 0x00, 0x00, 0x00, 0x00, 0x00, 0x00, 0x00, 0x00, 0x00, 0x00, 0x00, 0x00, 0x00, 0x00, 
    0x00, 0x00, 0x00, 0x00, 0x00, 0x00, 0x00, 0x00, 0x00, 0x00, 0x00, 0x00, 0x00, 0x00, 0x00, 0x00, 
    0x00, 0x00, 0x00, 0x00, 0x00, 0x00, 0x00, 0x00, 0x00, 0x00, 0x00, 0x00, 0x00, 0x00, 0x00, 0x00, 
    0x00, 0x00, 0x00, 0x00, 0x00, 0x00, 0x00, 0x00, 0x00, 0x00, 0x00, 0x00, 0x00, 0x00, 0x00, 0x00, 
    0x00, 0x00, 0x00, 0x00, 0x00, 0x00, 0x00, 0x00, 0x00, 0x00, 0x00, 0x00, 0x00, 0x00, 0x00, 0x00, 
    0x00, 0x00, 0x00, 0x00, 0x00, 0x00, 0x00, 0x00, 0x00, 0x00, 0x00, 0x00, 0x00, 0x00, 0x00, 0x00, 
    0x00, 0x00, 0x00, 0x00, 0x00, 0x00, 0x00, 0x00, 0x00, 0x00, 0x00, 0x00, 0x00, 0x00, 0x00, 0x00, 
    0x00, 0x00, 0x00, 0x00, 0x00, 0x00, 0x00, 0x00, 0x00, 0x00, 0x00, 0x00, 0x00, 0x00, 0x00, 0x00, 
    0x00, 0x00, 0x00, 0x00, 0x00, 0x00, 0x00, 0x00, 0x00, 0x00, 0x00, 0x00, 0x00, 0x00, 0x00, 0x00, 
    0x00, 0x00, 0x00, 0x00, 0x00, 0x00, 0x00, 0x00, 0x00, 0x00, 0x00, 0x00, 0x00, 0x00, 0x00, 0x00, 
    0x00, 0x00, 0x00, 0x00, 0x00, 0x00, 0x00, 0x00, 0x00, 0x00, 0x00, 0x00, 0x00, 0x00, 0x00, 0x00, 
    0x00, 0x00, 0x00, 0x00, 0x00, 0x00, 0x00, 0x00, 0x00, 0x00, 0x00, 0x00, 0x00, 0x00, 0x00, 0x00, 
    0x00, 0x00, 0x00, 0x00, 0x00, 0x00, 0x00, 0x00, 0x00, 0x00, 0x00, 0x00, 0x00, 0x00, 0x00, 0x00, 
    0x00, 0x00, 0x00, 0x00, 0x00, 0x00, 0x00, 0x00, 0x00, 0x00, 0x00, 0x00, 0x00, 0x00, 0x00, 0x00, 
    0x00, 0x00, 0x00, 0x00, 0x00, 0x00, 0x00, 0x00, 0x00, 0x00, 0x00, 0x00, 0x00, 0x00, 0x00, 0x00, 
    0x00, 0x00, 0x00, 0x00, 0x00, 0x00, 0x00, 0x00, 0x00, 0x00, 0x00, 0x00, 0x00, 0x00, 0x00, 0x00, 
    0x00, 0x00, 0x00, 0x00, 0x00, 0x00, 0x00, 0x00, 0x00, 0x00, 0x00, 0x00, 0x00, 0x00, 0x00, 0x00, 
    0x00, 0x00, 0x00, 0x00, 0x00, 0x00, 0x00, 0x00, 0x00, 0x00, 0x00, 0x00, 0x00, 0x00, 0x00, 0x00, 
    0x00, 0x00, 0x7F, 0xFF, 0xD9
};

unsigned int tele_logo_img_len = 17429;
